Date,Close,High,Low,Open,Volume
,RELIANCE.NS,RELIANCE.NS,RELIANCE.NS,RELIANCE.NS,RELIANCE.NS
,,,,,
01-01-2020,682.6364746,690.5499369,680.78252,686.4349413,14004468
02-01-2020,694.2579956,696.8129261,683.7218051,683.7218051,17710316
03-01-2020,695.0945435,697.1294321,688.6959279,693.2178891,20984698
06-01-2020,678.9737549,690.9117161,677.3910503,687.3394016,24519177
07-01-2020,689.4194946,693.8962375,684.4000705,686.8871432,16683622
08-01-2020,684.2418213,693.873583,682.8174114,685.078392,16047902
09-01-2020,700.0008545,700.9052225,692.4265608,695.7502039,14982742
10-01-2020,699.8425903,704.5002067,696.2249972,701.7644027,12478359
13-01-2020,698.0564575,704.8393995,695.6598216,698.6669362,18282382
14-01-2020,691.5900879,700.9053216,688.1760075,696.38336,15816535
15-01-2020,689.0803833,696.3381493,686.548092,694.5067735,15817859
16-01-2020,695.4336548,697.8981484,690.9569119,691.4091564,12847975
17-01-2020,714.9234619,716.7096193,702.3523818,702.488037,29463471
20-01-2020,692.9240112,727.5849153,690.2334255,727.5849153,32545850
21-01-2020,693.624939,699.0286895,688.2437675,691.228303,18922720
22-01-2020,693.3761597,699.4356068,692.3587154,698.1920706,10322817
23-01-2020,690.4369507,697.2651112,687.6559281,694.8006175,11247739
24-01-2020,688.0402832,694.7327882,686.6836707,690.5047164,14628445
27-01-2020,681.2573242,689.3516606,680.5564087,685.0332122,13387750
28-01-2020,665.520874,682.8174274,661.8354834,682.1843093,24532236
29-01-2020,669.1836548,675.7630835,662.0389055,666.5608666,24746565
30-01-2020,652.859375,669.1158451,651.1636546,668.7993162,22402689
31-01-2020,638.3438721,657.1552735,636.3316227,657.0421973,34750310
03-02-2020,626.5188599,633.0531306,616.3670565,619.4646077,30712290
04-02-2020,645.0137939,647.7721772,632.0809668,633.0757718,25383901
05-02-2020,655.0072632,656.951715,646.7773322,648.8573789,18472100
06-02-2020,659.2127075,663.3729217,651.2088684,657.5396265,15538577
07-02-2020,648.2922363,656.7483205,645.8729608,656.1378417,12209212
10-02-2020,649.1740112,653.6507544,637.8012494,645.7372914,15142476
11-02-2020,656.9291382,663.0111647,653.4472002,654.5098629,13999816
12-02-2020,664.8651733,666.9227013,657.9465762,658.466618,13533565
13-02-2020,666.6061401,668.2340632,661.3832631,668.2340632,13565659
14-02-2020,672.6881714,678.9510712,657.0873391,668.0079157,21227841
17-02-2020,668.460144,681.0764417,666.6739868,673.3212737,13149130
18-02-2020,663.553772,667.3974571,659.0318107,667.3974571,11127161
19-02-2020,680.0137939,681.2121119,667.0357487,668.9575612,14084409
20-02-2020,671.9420776,681.9130079,670.9698517,676.9388625,16892268
24-02-2020,653.4020386,667.8949314,650.9601841,664.6165061,21370214
25-02-2020,640.4917603,656.3186241,637.5976617,656.3186241,27745062
26-02-2020,629.4581299,638.660347,627.3554439,637.5976843,29362748
27-02-2020,626.8580933,630.2721737,619.0576461,627.6493852,25054993
28-02-2020,600.8114624,613.6312728,599.1609604,612.6816259,39315769
02-03-2020,595.1590576,619.0576196,588.3534761,612.7720799,29500495
03-03-2020,607.232666,612.2294508,597.8043566,601.2862947,27398798
04-03-2020,605.8082275,612.1842036,591.4283524,611.3702724,22105261
05-03-2020,592.8981323,614.0609525,590.5692936,611.4608033,30510390
06-03-2020,574.7423096,582.497538,561.2216437,574.2901255,33734039
09-03-2020,503.8152466,561.1764255,495.1556802,560.7468205,88187018
11-03-2020,521.6317749,532.8914592,501.0341884,501.0341884,59578576
12-03-2020,480.6853638,497.8688412,474.2189505,490.633715,55970485
13-03-2020,499.8132935,515.5045031,426.1504266,451.2925549,73297403
16-03-2020,459.2964478,488.2370424,454.4579274,479.5774763,38482258
17-03-2020,455.8145142,479.3287479,453.6439704,473.5632204,45445979
18-03-2020,437.9527893,468.4308724,434.5613181,463.6375701,44730415
19-03-2020,414.9811401,437.274448,403.4501147,416.0664121,61404010
20-03-2020,460.3138733,467.9786041,420.54314,424.8390091,63360475
23-03-2020,399.76474,429.5871248,395.966273,414.3028504,40670949
24-03-2020,426.6026001,438.6310279,405.0780355,420.5431527,45734887
25-03-2020,489.3901367,520.7273669,435.5787252,435.8274264,73130298
26-03-2020,482.1323853,505.0587815,471.3474934,495.517426,45744488
27-03-2020,481.8610535,500.7176715,473.0884415,495.1556568,41657940
30-03-2020,465.9663391,486.0212754,461.240895,470.5561582,30229866
31-03-2020,503.6343689,510.8921042,473.9024215,485.63693,44292810
01-04-2020,488.5762329,508.5407033,472.6362914,507.4780405,41597459
03-04-2020,487.2196045,512.9948507,477.6556399,512.9948507,41367807
07-04-2020,545.3947754,548.9670899,497.4166577,498.3662744,54373624
08-04-2020,539.0865479,555.7500423,524.5484391,533.592361,49880330
09-04-2020,551.6576538,557.4683697,539.4709617,548.9670682,33032857
13-04-2020,537.7300415,549.4193315,533.5924064,544.4225467,23673784
15-04-2020,519.9586792,558.9154541,516.8611277,541.3023712,35321842
16-04-2020,528.1887207,536.9613341,517.7656051,519.9587283,37455706
17-04-2020,553.4890747,556.2022999,539.3127113,549.8715417,33269335
20-04-2020,562.4425659,568.411516,543.5407298,554.3934485,36030932
21-04-2020,559.5259399,566.1505876,526.3573019,547.1583129,61371628
22-04-2020,616.6157227,626.2475445,587.856033,596.8999552,142683366
23-04-2020,619.9168091,626.677172,611.9581282,618.3115255,65464502
24-04-2020,640.7631226,676.0118671,609.1997688,610.533742,134986308
27-04-2020,646.5285645,666.9904655,643.4762317,648.4503768,58482901
28-04-2020,645.8051147,658.1500416,629.5260055,655.6856082,78453401
29-04-2020,645.2624512,657.3361282,642.1196813,653.379427,37494672
30-04-2020,662.9207153,676.011836,650.2818391,657.4717466,71345899
04-05-2020,648.9931641,662.4686127,640.9666245,651.1637081,53456868
05-05-2020,660.5014038,668.7992524,654.4193777,657.3586946,44903763
06-05-2020,660.5467529,671.4899094,653.6507345,662.0163814,40489094
07-05-2020,681.4381714,684.4679253,653.4246145,657.9465758,50026966
08-05-2020,706.241272,714.4259851,695.0719628,698.6443378,84262770
11-05-2020,713.0241699,730.298084,710.9892813,714.4711589,67085063
12-05-2020,668.9123535,709.2031628,662.4685794,707.5978188,100683202
13-05-2020,683.1044922,697.0500537,663.7267452,697.0500537,66430125
14-05-2020,655.4872437,683.2186244,652.7940015,670.5740122,49266771
15-05-2020,666.1917725,669.5241093,645.9695463,659.1619103,62152260
18-05-2020,657.6783447,676.5082789,651.8582107,671.0305128,62796089
19-05-2020,643.1393433,667.2417199,640.5602641,665.0962303,42315854
20-05-2020,654.4602051,660.4629638,635.8812955,643.641535,55320985
21-05-2020,657.9065552,667.1274868,650.4886846,655.0535095,39167981
22-05-2020,653.4786987,665.5526769,651.1734657,662.7225119,37828973
26-05-2020,650.0550537,661.763843,646.5172721,661.0562867,33216635
27-05-2020,659.8695068,663.7267759,644.5544729,653.2276532,35667956
28-05-2020,672.0575562,675.4811751,661.4443315,664.1832146,40126278
29-05-2020,668.4742432,671.9435033,663.1105792,670.117561,40022527
01-06-2020,694.0144043,702.2311134,673.746538,675.5953006,39943702
02-06-2020,701.0214233,702.9843489,694.2198265,696.5935815,22153960
03-06-2020,703.7376099,712.1140637,699.9487418,705.2668252,25381289
04-06-2020,721.1524048,725.5803072,703.4408555,704.8102669,34202350
05-06-2020,722.0196533,738.589995,718.3677691,728.0908731,33076685
08-06-2020,716.4505615,738.7726365,714.3964143,738.7726365,31414953
09-06-2020,701.6833496,722.6131326,699.7889459,712.2509334,25857161
10-06-2020,717.6602783,721.0382562,703.0071606,704.3993925,22132647
11-06-2020,701.9344482,715.7430268,698.8760177,714.8529064,20385805
12-06-2020,725.2607422,727.1779664,683.3555346,684.7250064,38548899
15-06-2020,737.0151978,742.6755886,712.6161537,714.3964549,53107403
16-06-2020,738.453125,752.5356103,723.663023,750.002172,51187003
17-06-2020,737.3803711,746.5556629,731.3319714,734.1393161,41782053
18-06-2020,755.8907471,760.0447429,732.9296371,733.568732,40471557
19-06-2020,803.1367798,816.557349,758.6753146,762.3271386,105804173
22-06-2020,797.0884399,823.5872728,791.998622,809.5276077,60198705
23-06-2020,785.5621948,805.1225069,783.3710641,798.8458417,37962078
24-06-2020,788.7347412,809.2080549,781.3625709,792.4094463,51586221
25-06-2020,784.192688,798.3893355,781.9787369,788.3466838,39679374
26-06-2020,795.0341797,799.7588088,783.7818601,789.1684046,30921913
29-06-2020,786.5892944,794.1669095,783.1200344,788.8260661,25621946
30-06-2020,777.8932495,794.7374375,773.9902793,792.9115557,30276420
01-07-2020,793.1854858,798.3894064,779.6963935,785.1513999,28464103
02-07-2020,806.8405151,810.1634994,795.2444705,798.8883026,28789533
03-07-2020,819.4677124,821.8053003,810.3467369,815.7551405,29434266
06-07-2020,848.7557373,851.5974194,821.3927498,827.3053688,47016185
07-07-2020,835.7617798,854.5079474,827.9012815,852.5141811,35189589
08-07-2020,824.0970459,841.0326934,820.4303006,836.0367907,26204095
09-07-2020,836.128418,841.0555804,818.7114691,829.1387493,36418942
10-07-2020,860.7871704,863.7893066,836.1283855,838.0763855,43759967
13-07-2020,886.8897095,892.7106145,870.8477446,872.3831828,69608392
14-07-2020,878.6395874,889.9606105,865.0268636,886.431406,67331128
15-07-2020,845.1806641,906.9650492,824.0970303,888.2417955,139669773
16-07-2020,844.9057007,856.6392249,830.7200216,846.5557057,60961724
17-07-2020,876.2103882,880.0146136,842.4306265,845.6390437,49726765
20-07-2020,879.96875,885.5146947,870.6873804,879.0062672,36592938
21-07-2020,903.6420288,906.1400103,887.5772116,888.7230619,42173371
22-07-2020,918.5152588,921.2652874,898.6690683,908.8900677,59771457
23-07-2020,943.1739502,953.2115816,912.7171736,918.4922517,58333751
24-07-2020,983.668335,991.3913523,943.1739279,943.2655814,120597372
27-07-2020,988.2746582,1007.8,975.3036309,998.6331978,80304827
28-07-2020,998.1290894,1005.60006,985.7309555,988.274764,55114422
29-07-2020,960.9804688,1000.466506,948.9719242,998.2206928,72663399
30-07-2020,966.5722656,980.7120569,949.6823852,962.0576046,72857444
31-07-2020,947.4365234,975.8078204,940.8822695,969.1619129,74958061
03-08-2020,920.8069458,942.8072957,918.1026833,940.1947473,46715383
04-08-2020,985.7080078,993.2248054,916.7964728,926.1237297,92041055
05-08-2020,974.6390381,1006.516625,970.9035529,994.1414667,74549993
06-08-2020,978.1453857,993.5456555,966.0910135,988.6414064,49322975
07-08-2020,983.8059082,989.0080918,971.7745098,976.1745436,32984416
10-08-2020,971.6140137,992.3081198,966.2285233,989.603918,26958997
11-08-2020,978.0078735,990.0164186,962.6763444,978.4662015,46828306
12-08-2020,975.1661377,983.1413237,965.6326607,972.141088,30264617
13-08-2020,972.6223755,980.3453931,967.0993443,975.3494907,24830322
14-08-2020,968.8410645,988.6413672,957.5887818,972.8515102,33224635
17-08-2020,958.5513306,964.8076502,948.8115727,964.8076502,30979066
18-08-2020,971.0181885,978.2370513,954.4262424,955.6408328,30547672
19-08-2020,976.9766235,987.2664239,972.3015687,981.3079778,34087543
20-08-2020,961.1638184,973.4702979,957.0158318,971.682752,22537845
21-08-2020,954.1970825,972.5994884,951.974122,970.7661158,25280895
24-08-2020,960.5679932,964.5784388,948.9948629,958.574227,32717218
25-08-2020,954.3116455,967.6952354,952.4324461,965.265994,19388008
26-08-2020,979.6120605,984.4933962,938.2239085,955.6408575,59870421
27-08-2020,967.3743896,985.4330344,964.0055788,984.5163177,28085062
28-08-2020,969.9182129,977.5954041,965.3806383,971.6827848,27166900
31-08-2020,953.6699829,996.4331786,944.3427264,996.4331786,62076132
01-09-2020,956.6721191,972.7827632,945.2822958,962.5159374,38616258
02-09-2020,975.4411621,979.9329099,955.640859,958.8492156,26949439
03-09-2020,968.0618896,980.276655,963.8909897,975.3494927,18586429
04-09-2020,952.0886841,961.1180064,949.7740701,954.9762536,28475945
07-09-2020,954.5637207,965.1513943,936.9634046,955.1825029,21926473
08-09-2020,965.7702026,972.1410891,953.5782899,958.8492134,27397082
09-09-2020,990.6351929,993.5915026,954.0137474,955.6408998,55310877
10-09-2020,1060.600952,1074.786631,997.0519343,1000.604113,140304404
11-09-2020,1063.236328,1071.532301,1048.271595,1059.684271,59470807
14-09-2020,1055.352905,1081.684609,1045.933935,1065.642705,44063445
15-09-2020,1062.823975,1065.986505,1048.752861,1059.661445,27178393
16-09-2020,1065.436401,1085.970054,1059.019688,1063.350921,33952295
17-09-2020,1053.611328,1069.63032,1050.448677,1063.350965,25828669
18-09-2020,1056.796753,1063.0989,1043.436076,1060.715545,33074915
21-09-2020,1033.948364,1070.684311,1030.052364,1054.18402,33627381
22-09-2020,1013.460571,1043.642268,1009.060477,1043.642268,34792254
23-09-2020,1022.466919,1043.5277,1010.779282,1035.850509,42988708
24-09-2020,999.7332764,1020.266868,997.372775,1011.970955,29826318
25-09-2020,1009.129211,1014.216828,993.3623281,1003.308306,28374935
28-09-2020,1015.798096,1025.767048,1011.581369,1020.725258,19666849
29-09-2020,1028.998291,1037.683791,1015.798069,1019.808575,25842539
30-09-2020,1024.094116,1039.05885,1019.808589,1035.850493,24465159
01-10-2020,1019.923157,1037.592153,1014.7668,1037.592153,20783227
05-10-2020,1013.941772,1030.877419,1011.10009,1028.516978,18922799
06-10-2020,1013.093872,1023.887766,1009.106279,1019.923147,18412175
07-10-2020,1034.704712,1058.30924,1017.516897,1024.391998,53170865
08-10-2020,1026.339966,1039.517336,1018.479467,1035.392202,21077808
09-10-2020,1023.68158,1032.642162,1016.187695,1024.392015,18545499
12-10-2020,1025.331543,1033.902476,1020.381528,1024.391974,14226473
13-10-2020,1045.338257,1047.652871,1020.198168,1022.375302,23112012
14-10-2020,1048.454956,1056.017581,1039.746421,1044.51325,26742011
15-10-2020,1011.329285,1049.600735,1006.058361,1049.600735,20036197
16-10-2020,997.2581787,1023.246061,995.814394,1015.225169,21583600
19-10-2020,997.4415283,1021.504446,987.7934843,1003.789562,31200385
20-10-2020,988.137207,1005.141654,986.464228,998.7248807,18482288
21-10-2020,973.7911987,1004.683392,961.4847186,993.6832168,34082321
22-10-2020,965.701416,977.412027,958.3908994,975.0744996,30802210
23-10-2020,968.4973145,978.5578595,960.8659502,965.2659839,23422125
26-10-2020,930.0195923,963.4097057,925.16117,963.4097057,37324416
27-10-2020,932.4946289,944.1135253,918.9735593,932.6779359,36478896
28-10-2020,921.9298706,943.1281311,920.0735847,935.8404675,29924017
29-10-2020,929.0111694,935.9321583,912.5567647,915.3067932,30655304
30-10-2020,941.661438,946.5198602,926.6736702,932.0362471,34021563
02-11-2020,860.512207,929.0570677,852.1245801,929.0570677,99366895
03-11-2020,848.1140137,874.972785,841.1014319,866.2643109,88691623
04-11-2020,876.8978271,884.139664,841.9722767,841.9722767,80180117
05-11-2020,896.0565186,898.7836338,885.5146715,896.0336052,37205373
06-11-2020,930.0424805,935.0154695,906.6670862,912.0984638,66674086
09-11-2020,939.9197388,948.3073655,933.1821171,945.1448356,35838510
10-11-2020,955.4345703,957.9325519,935.5655272,951.974106,36934242
11-11-2020,915.3984985,960.2242623,906.6441973,957.4742337,56724780
12-11-2020,907.5150146,920.5548432,900.6399128,907.9734033,40046527
13-11-2020,915.0317993,933.4800313,908.3171518,908.4317186,45388670
14-11-2020,917.7360229,923.6944688,914.5505797,923.5111619,5226220
17-11-2020,913.5880127,955.6408333,909.8067007,955.6408333,46542562
18-11-2020,910.8151245,919.6611401,898.3940776,913.5880666,30402290
19-11-2020,904.3754272,921.4715288,902.1066399,910.8151146,27796343
20-11-2020,870.6186523,909.2567773,868.5560853,905.2233573,57471248
23-11-2020,894.0856323,902.9315867,882.8791767,894.2231125,45327567
24-11-2020,900.2045288,904.7650168,885.5146947,900.1816154,30936268
25-11-2020,892.7564087,913.4505141,890.1897478,907.5149819,32637879
26-11-2020,894.956543,900.6399681,884.6209763,895.1628239,25838637
27-11-2020,884.5062866,896.5606584,880.6562345,889.4105356,47336811
01-12-2020,896.0106812,901.2128645,884.6209183,889.3417997,19750687
02-12-2020,897.5003052,899.2649377,886.8897179,897.6606988,22188887
03-12-2020,900.2045288,908.0192609,897.7294606,903.8483608,27785372
04-12-2020,892.2752075,902.4732935,889.1814177,902.4732935,18464552
07-12-2020,897.5231934,900.6398964,889.4564147,889.4564147,18242188
08-12-2020,913.8171997,923.2131962,893.7647896,898.8753194,43403061
09-12-2020,929.0341187,932.1737957,916.3381119,921.2423609,29175254
10-12-2020,919.8901978,929.7445221,917.1401693,926.5819923,16065507
11-12-2020,919.340271,934.098845,904.8795708,922.6402811,26944202
14-12-2020,912.6942749,923.5569696,910.4254877,920.325639,17312747
15-12-2020,904.925415,911.9609102,898.8523419,911.9609102,18551265
16-12-2020,905.9337769,914.3672911,900.9607876,911.1817872,18561011
17-12-2020,910.0817871,918.9736296,906.2088214,909.5776323,20252358
18-12-2020,912.8088379,918.9277378,900.6398994,907.5608884,18466344
21-12-2020,889.0438843,926.765352,850.3370204,921.2652947,44135540
22-12-2020,887.6688843,897.8440568,865.5539068,893.3064823,28140001
23-12-2020,890.9460449,894.4294226,880.3124838,884.5980112,19501410
24-12-2020,914.0006104,916.1318568,891.8856323,892.3897871,20776988
28-12-2020,918.194397,924.9320185,914.5276518,919.7527485,17221499
29-12-2020,912.1213989,922.3194849,908.6837874,920.8069601,18611939
30-12-2020,914.6192627,919.9818394,905.4753741,914.5046959,22043630
31-12-2020,909.9442139,922.1360654,906.8733376,913.7026124,18781189
01-01-2021,910.9526367,915.3068437,908.4317418,911.1817704,10015175
04-01-2021,912.4880371,916.177635,902.0149305,914.4359765,24513534
05-01-2021,901.144104,909.1650559,896.5148156,902.4732612,24123091
06-01-2021,877.3791504,901.0982457,873.2082504,901.052419,46401468
07-01-2021,875.958313,891.4731498,873.2082843,880.24378,32325918
08-01-2021,886.2938232,888.4480436,876.393672,879.0978738,27540187
11-01-2021,869.5873413,888.6313821,867.4102075,888.6313821,33307825
12-01-2021,896.9961548,898.3482254,870.8019304,872.2228018,41161546
13-01-2021,888.6314087,905.2004424,879.3042123,899.9753454,26619458
14-01-2021,898.62323,901.5107994,888.7459919,891.4731072,21553242
15-01-2021,888.0126343,904.6733205,880.037509,898.6232213,20593268
18-01-2021,909.3255005,915.3068598,881.5500714,893.3523359,35100458
19-01-2021,924.1986694,930.8904036,914.2297173,914.2297173,32006615
20-01-2021,941.7531128,943.2656376,917.3235211,926.4903842,30924537
21-01-2021,962.2409058,971.682729,951.0574241,954.2657806,39087742
22-01-2021,939.4155884,969.5515184,932.7925335,967.5576915,30532660
25-01-2021,889.6397095,932.7008388,885.5146364,932.7008388,54207104
27-01-2021,868.5560913,882.3063563,865.3477345,882.3063563,42370131
28-01-2021,860.0997314,881.527188,857.097595,861.7497366,34067814
29-01-2021,844.2410889,876.8520264,838.7638844,868.2352053,43712383
01-02-2021,868.6936035,873.139464,847.0140402,852.2391371,34180952
02-02-2021,882.6729736,889.1814009,850.199517,877.3791368,41470034
03-02-2021,884.8959351,894.681459,870.8477365,883.8188249,30301696
04-02-2021,881.9854126,889.1813618,873.1393978,881.8478718,25626981
05-02-2021,881.7333374,891.3127015,880.0145923,884.6209068,20248046
08-02-2021,894.4294434,902.473309,884.1626171,885.9959292,21183400
09-02-2021,896.5836182,911.915148,894.8190462,899.242054,19604141
10-02-2021,904.9024658,909.692148,883.3604438,895.4836164,21234156
11-02-2021,942.2114258,946.1073653,903.9628909,907.5150086,42539278
12-02-2021,935.7488403,952.4324403,923.7402951,942.1197875,30497029
15-02-2021,931.6237793,944.778175,928.1404016,938.7051622,15791099
16-02-2021,943.953186,953.074162,932.7238163,934.9009501,21421660
17-02-2021,954.8387451,960.65965,939.8738907,944.1822708,23742994
18-02-2021,947.7115479,966.3660004,943.7697816,955.6408465,18646877
19-02-2021,953.4866333,964.7847428,941.1114136,942.807306,23403483
22-02-2021,920.3944092,957.8867434,914.3672837,953.3491688,23804335
23-02-2021,927.4299927,940.9281499,922.9153313,938.6822759,25644108
24-02-2021,944.640686,946.5886255,928.6674611,930.4320936,10807663
25-02-2021,982.8433838,986.3496748,950.1407325,951.5157771,34855693
26-02-2021,956.0075073,978.0536837,949.0865183,970.3077528,37481215
01-03-2021,963.295105,968.0160469,945.3281145,967.1909838,17680764
02-03-2021,965.2659912,976.2661664,957.52006,972.5994817,17150760
03-03-2021,1009.312561,1017.471054,965.8160159,972.1640496,31924461
04-03-2021,997.2811279,1003.743729,988.9622412,999.1832407,21435754
05-03-2021,998.5873413,1013.827217,986.830904,988.1830352,25511666
08-03-2021,1004.270874,1022.971154,993.6831999,993.9123336,19506841
09-03-2021,1004.247864,1014.675144,983.874666,1008.350024,15154484
10-03-2021,1000.076965,1015.271014,994.7143883,1011.558442,11519358
12-03-2021,979.7495728,1011.283399,973.4702793,1006.058302,16864952
15-03-2021,966.5952148,984.92882,953.5782994,980.8725474,16698099
16-03-2021,962.7909546,974.432825,960.4534273,968.9327072,13873801
17-03-2021,942.0510864,963.891044,932.7696561,961.6222566,19210236
18-03-2021,920.8527832,955.5492009,917.1402112,950.0949097,20647480
19-03-2021,954.2658081,960.6138418,908.7984098,912.5568085,41787429
22-03-2021,945.2822876,950.5990377,931.8987588,949.2240538,18572478
23-03-2021,956.7866821,966.9618544,942.3489565,945.0760716,17421165
24-03-2021,938.3613892,953.2345299,935.1988593,953.2345299,16822814
25-03-2021,912.7630005,941.4322312,909.806691,941.4322312,22001648
26-03-2021,914.2297363,922.9611242,904.6275191,922.1819484,20180202
30-03-2021,930.1112671,939.0947629,912.8088845,920.3485955,20441701
31-03-2021,918.1026611,939.5530291,916.2234618,924.9319966,16250796
01-04-2021,926.6966553,930.4321408,918.1256605,924.9320833,11723312
05-04-2021,913.2901611,928.1403884,899.3107631,928.1174751,14875099
06-04-2021,909.4859619,918.9506991,902.473319,918.5152844,14009194
07-04-2021,917.9880981,938.178049,913.610978,916.6818543,24266353
08-04-2021,919.1340332,926.7653979,913.4735214,921.7236684,15369188
09-04-2021,908.4546509,919.5923062,907.5150209,915.9714483,14037885
12-04-2021,875.958313,898.9899475,870.9624103,897.8899239,20901482
13-04-2021,885.4230347,889.4564545,879.0291741,881.8479428,19411189
15-04-2021,891.1522827,898.8065605,876.8062099,882.9021361,19723716
16-04-2021,885.5604858,893.7189787,882.9708508,887.6230527,15656948
19-04-2021,871.6268921,878.3645135,866.2643153,872.6810889,18478808
20-04-2021,871.3748779,879.5562237,866.4706289,875.6603447,17203668
22-04-2021,873.7811279,877.4707865,860.1684047,867.2956141,14490954
23-04-2021,872.8416138,879.510435,868.7165404,873.5978762,11828857
26-04-2021,888.1959839,899.26496,876.1186983,880.0146379,20846778
27-04-2021,911.4797363,915.3985288,888.3793617,889.1814509,19992524
28-04-2021,915.4442749,920.3485237,907.5837773,915.6963826,17122437
29-04-2021,927.7049561,937.0780393,920.0277652,927.1778273,17412606
30-04-2021,914.1610107,933.1821384,910.9755674,920.5777847,19828769
03-05-2021,897.9128418,907.0567313,890.602325,901.0982852,23640186
04-05-2021,878.4561768,901.923285,875.8895158,893.7647922,21849830
05-05-2021,880.0604248,888.4938781,874.5373937,881.5500362,12393609
06-05-2021,885.0563354,886.8897081,873.8727929,880.8625221,14624666
07-05-2021,885.4000854,896.3544336,882.7646237,888.150114,12288548
10-05-2021,882.8563232,892.2981471,880.4500557,888.7231158,13941237
11-05-2021,886.0418091,888.5168167,875.4311612,877.7229224,13478264
12-05-2021,876.874939,885.9271746,874.0561702,884.6438441,13177961
14-05-2021,887.9439087,890.0980685,873.5978362,883.704208,13291616
17-05-2021,898.508667,899.9294777,884.7813161,887.9439066,11873078
18-05-2021,911.1588745,917.8735829,904.0774915,907.9734312,12064918
19-05-2021,915.3297729,924.2216152,903.8483562,907.5150409,16317002
20-05-2021,909.9901123,921.67781,907.9734327,915.719364,11422532
21-05-2021,917.850647,921.081917,910.2651094,913.0151381,10785605
24-05-2021,910.1046143,921.1735896,908.4316959,920.3485265,8551760
25-05-2021,899.7919922,915.3068282,898.3482075,915.0318072,14780102
26-05-2021,902.9545288,907.285883,900.7774557,905.223316,7480204
27-05-2021,905.7275391,913.4734702,899.3795053,903.0691639,26819294
28-05-2021,960.1326294,964.8076842,912.0985079,912.0985079,56469931
31-05-2021,990.1539307,1004.54583,955.663793,963.4326377,59124142
01-06-2021,994.0957031,1009.266779,983.8288161,992.7664852,28013832
02-06-2021,1008.922974,1012.704286,988.6413688,988.6413688,24630162
03-06-2021,1012.77301,1031.267069,1006.562518,1017.975133,23974257
04-06-2021,1003.995789,1015.889706,1001.131133,1015.133443,14468646
07-06-2021,1020.908508,1027.600303,1001.474881,1009.266699,16336573
08-06-2021,1015.041809,1020.793974,1007.502098,1020.541927,9674735
09-06-2021,996.8915405,1017.975174,989.0768086,1017.058518,11409161
10-06-2021,1000.558289,1022.100311,998.060307,1005.324997,14155653
11-06-2021,1017.913574,1024.743725,1002.712602,1004.000468,13762778
14-06-2021,1032.516602,1038.656772,1009.588622,1018.764449,20332436
15-06-2021,1034.862305,1046.314768,1030.400884,1039.921671,15174215
16-06-2021,1017.200623,1033.505452,1014.555973,1032.516621,10797349
17-06-2021,1019.063416,1027.963263,1002.620626,1011.865372,15745975
18-06-2021,1023.662781,1027.963248,1004.667315,1023.593801,29369026
21-06-2021,1028.998047,1033.712393,1011.934379,1013.47517,12186448
22-06-2021,1023.708801,1039.92172,1020.765179,1036.702056,12871913
23-06-2021,1014.32605,1035.138226,1012.647238,1034.862307,16653951
24-06-2021,990.4782104,1018.580463,984.2690598,1015.015962,91461975
25-06-2021,967.9182129,990.4782413,957.1786617,990.4782413,55355022
28-06-2021,959.432373,978.0598867,957.132683,975.99019,20277042
29-06-2021,960.2602539,970.0109737,958.55851,961.0421461,27144063
30-06-2021,970.7698364,976.289068,961.7550226,964.1466856,19762858
01-07-2021,964.9286499,976.5190728,963.5718048,974.1504031,12534407
02-07-2021,979.2327271,981.0035115,962.6289236,964.4916811,14086620
05-07-2021,988.9604492,990.5012403,980.3595744,982.6362712,11702287
06-07-2021,977.2779541,988.3624645,975.162271,986.5457544,10070124
07-07-2021,970.4938965,978.6348455,964.9516715,978.6348455,10454892
08-07-2021,962.4679565,973.6674943,957.1326709,973.6674943,11185460
09-07-2021,952.6252441,962.0539973,950.2795677,960.3521927,9037675
12-07-2021,958.5584717,966.5614,954.1430378,956.557694,8585292
13-07-2021,965.7335205,967.2743116,960.3751809,965.87148,6717133
14-07-2021,959.432373,969.0220793,957.2476493,966.0324701,8532544
15-07-2021,957.7536011,963.5718058,955.9828167,963.5718058,9448356
16-07-2021,971.5747681,972.6556333,960.1682908,960.2372705,8828185
19-07-2021,965.3886108,976.9100544,962.3070286,965.8715299,8354449
20-07-2021,963.0198364,969.5510143,958.5124903,965.6414927,6741464
22-07-2021,975.3922119,976.8640232,965.0206139,974.6103198,7972397
23-07-2021,968.4931641,981.716412,966.8143526,981.716412,9937030
26-07-2021,955.223938,975.5302022,952.5792884,969.5510446,12389668
27-07-2021,945.1742554,958.3745104,939.1950977,955.2009551,10824523
28-07-2021,937.0563354,946.5540685,927.3516023,946.5540685,12897848
29-07-2021,944.3693237,954.0970499,939.8389236,944.7142833,13765738
30-07-2021,936.1135254,951.1304907,934.1817273,946.5541038,11350608
02-08-2021,953.2232056,956.3967607,938.8041262,944.8523243,10925104
03-08-2021,960.2372437,961.7320482,949.4057196,961.2721224,11817299
04-08-2021,967.5963135,972.3106598,959.8922971,963.2958457,13169800
05-08-2021,981.6244507,991.0761366,967.8262496,972.448623,21252078
06-08-2021,960.8352051,987.4656473,956.0978047,979.6466647,16620987
09-08-2021,955.3618774,961.180143,950.4635244,957.1326618,7494143
10-08-2021,960.3751831,971.8507004,953.7980796,957.5925741,11919198
11-08-2021,973.8284302,975.0702482,958.2365128,964.4686567,9184963
12-08-2021,970.7008667,977.921903,968.1711834,977.3239568,8137612
13-08-2021,986.8676758,988.822467,969.9879538,973.8284348,12780901
16-08-2021,999.677002,1013.24521,978.8187782,988.569498,21935444
17-08-2021,995.4226074,1005.0583,987.8796045,997.5383515,12658169
18-08-2021,999.2860718,1005.794196,990.0643183,999.9070112,10075860
20-08-2021,988.0635986,998.9870959,982.8892656,985.6488815,9426282
23-08-2021,994.5487061,999.906985,980.727512,999.906985,9854395
24-08-2021,1004.368408,1008.185896,991.4440725,995.7905268,11864472
25-08-2021,1013.061218,1021.064208,1002.712613,1005.150323,13380559
26-08-2021,1025.870483,1032.516628,1014.165034,1015.544872,18589616
27-08-2021,1024.467651,1031.527796,1019.247393,1028.883085,10480636
30-08-2021,1044.176025,1046.751756,1028.791108,1034.862299,14027062
31-08-2021,1038.61084,1050.385209,1031.29777,1047.234647,26485463
01-09-2021,1042.727295,1054.593759,1040.841605,1045.440985,11145486
02-09-2021,1055.283569,1061.446733,1037.161969,1037.161969,9956770
03-09-2021,1098.563843,1101.553452,1059.009126,1062.4586,30664428
06-09-2021,1115.627686,1140.648358,1109.372426,1109.832413,33641710
07-09-2021,1122.664673,1130.529581,1109.372384,1117.651293,17349882
08-09-2021,1118.272217,1128.689862,1106.911726,1127.770011,14301651
09-09-2021,1115.627686,1121.261884,1111.258238,1116.685497,8963249
13-09-2021,1090.767944,1119.031151,1089.158173,1119.031151,16311160
14-09-2021,1089.342041,1101.093416,1088.215128,1092.354643,8908356
15-09-2021,1093.872437,1101.898297,1089.36503,1089.36503,9071075
16-09-2021,1116.823364,1120.755818,1088.675126,1095.367256,13448882
17-09-2021,1099.506714,1129.540766,1092.630637,1125.010365,34882133
20-09-2021,1101.254517,1112.29298,1090.054979,1091.020817,11779819
21-09-2021,1106.014893,1111.488138,1096.494105,1106.152852,9915736
22-09-2021,1117.881348,1123.170525,1103.048268,1107.532682,10995912
23-09-2021,1145.20166,1148.467188,1124.78037,1125.654235,15748397
24-09-2021,1141.890015,1152.353646,1136.968729,1151.479781,15192163
27-09-2021,1161.092529,1163.59928,1138.486635,1143.867908,15373834
28-09-2021,1171.947144,1179.697086,1155.734225,1165.484945,18035258
29-09-2021,1162.656372,1182.042723,1159.068817,1182.042723,9719875
30-09-2021,1158.700806,1165.76095,1150.008019,1161.345516,13590654
01-10-2021,1160.747559,1168.152602,1147.547365,1150.743913,8958928
04-10-2021,1175.672607,1184.273421,1166.887726,1174.223789,10918552
05-10-2021,1200.072388,1201.360253,1171.625113,1175.189676,13533634
06-10-2021,1177.37439,1205.016657,1173.349962,1205.016657,10258881
07-10-2021,1183.146606,1195.265995,1180.984876,1193.541137,6336665
08-10-2021,1228.611572,1234.65977,1187.331998,1189.056735,15772493
11-10-2021,1220.056641,1251.033536,1216.699139,1242.478709,14768666
12-10-2021,1227.024658,1234.015823,1214.813296,1216.538155,6682011
13-10-2021,1239.512085,1250.803596,1227.714601,1232.176022,9959762
14-10-2021,1242.018799,1249.860836,1235.947607,1241.995806,8623469
18-10-2021,1245.330322,1262.531949,1224.495032,1227.392668,13594479
19-10-2021,1256.483765,1265.452592,1245.514281,1252.781243,8833409
20-10-2021,1242.018799,1261.497246,1237.925392,1261.497246,12710570
21-10-2021,1206.189575,1254.713121,1197.31272,1254.437202,20831669
22-10-2021,1208.443237,1225.690973,1201.130167,1205.039628,11027475
25-10-2021,1196.668701,1232.635983,1182.042683,1232.635983,17198417
26-10-2021,1223.920166,1227.530715,1197.289723,1203.705935,9750178
27-10-2021,1208.443237,1231.164218,1205.016635,1219.757741,9896298
28-10-2021,1195.196899,1213.295507,1191.471506,1205.039592,9886181
29-10-2021,1166.519897,1194.070192,1150.629006,1194.070192,14233025
01-11-2021,1167.232788,1175.60367,1147.133402,1166.519876,15481114
02-11-2021,1150.214966,1171.924122,1147.66235,1170.544284,10569130
03-11-2021,1142.304077,1159.04584,1131.909425,1152.629628,11989430
04-11-2021,1149.318115,1152.100785,1145.247702,1146.604425,1705656
08-11-2021,1150.743896,1159.045798,1129.79364,1158.769757,20337183
09-11-2021,1159.827759,1163.139274,1143.890881,1152.146796,15682497
10-11-2021,1172.797974,1176.523488,1151.525811,1157.528022,10253470
11-11-2021,1174.936768,1182.27271,1166.197872,1168.26763,10722478
12-11-2021,1192.667358,1195.266082,1176.063555,1178.777245,8712341
15-11-2021,1185.630249,1196.85278,1182.042694,1195.840833,4803269
16-11-2021,1158.079956,1184.342383,1147.547345,1182.985538,11337581
17-11-2021,1133.289307,1149.364144,1131.909468,1149.364144,10202029
18-11-2021,1137.56665,1144.787748,1126.873085,1131.449472,8505625
22-11-2021,1087.18042,1126.39024,1081.316168,1120.457008,24124307
23-11-2021,1097.344971,1104.428108,1061.998748,1073.060205,25326999
24-11-2021,1081.500122,1108.406481,1077.889574,1094.654329,16820296
25-11-2021,1146.60437,1150.766878,1084.144729,1091.434805,42401936
26-11-2021,1109.648438,1139.544408,1104.543084,1135.037001,15763138
29-11-2021,1122.940552,1149.847033,1103.439113,1121.836754,24325354
30-11-2021,1106.336792,1138.762506,1098.72481,1135.128965,32172299
01-12-2021,1134.669067,1137.888609,1115.397561,1119.031103,10104610
02-12-2021,1141.959106,1148.099278,1132.185393,1135.910908,12720411
03-12-2021,1107.647583,1149.157089,1103.853089,1149.111102,19222481
06-12-2021,1086.651367,1115.351566,1084.144738,1111.212173,10332254
07-12-2021,1095.505249,1105.69284,1085.455617,1092.883654,11235122
08-12-2021,1112.178101,1118.479225,1106.750842,1114.937777,8744178
09-12-2021,1129.81665,1138.302498,1115.351585,1119.950965,13213547
10-12-2021,1130.966553,1134.209088,1117.812224,1122.365617,8364414
13-12-2021,1108.291626,1137.934672,1105.692902,1137.658753,12901733
14-12-2021,1094.723389,1106.612846,1091.618813,1094.654409,12991523
15-12-2021,1091.526855,1106.152875,1085.961515,1096.494128,9366969
16-12-2021,1105.646851,1110.982136,1089.434055,1106.474729,9761279
17-12-2021,1076.463867,1107.532738,1067.058046,1102.956351,21049821
20-12-2021,1047.44165,1066.069102,1033.528423,1066.069102,14325846
21-12-2021,1063.033569,1079.016433,1054.271803,1063.079556,12836561
22-12-2021,1088.26123,1090.928934,1067.978019,1069.31175,17658543
23-12-2021,1087.870239,1094.654343,1084.558725,1091.894666,9072401
24-12-2021,1091.342896,1100.173642,1075.129977,1090.05503,7886494
27-12-2021,1090.169922,1093.734484,1079.982331,1086.168488,4017223
28-12-2021,1103.117188,1106.083803,1091.457785,1092.630563,6374613
29-12-2021,1105.003052,1112.592041,1095.620224,1099.713753,15425312
30-12-2021,1085.041626,1106.129843,1078.832475,1103.853146,29333171
31-12-2021,1089.204102,1096.44807,1085.455594,1091.434812,9477290
03-01-2022,1105.623901,1107.509713,1087.088421,1087.755347,5421611
04-01-2022,1130.575562,1131.909413,1105.69285,1111.166217,10847728
05-01-2022,1135.864868,1139.268478,1119.008139,1132.369407,11643813
06-01-2022,1111.442139,1128.689875,1107.992543,1127.402009,14447422
07-01-2022,1120.411011,1130.552616,1109.165486,1118.088327,13112115
10-01-2022,1121.330811,1130.069706,1111.235192,1127.770016,9246731
11-01-2022,1129.402832,1138.325552,1119.951024,1120.411011,16205164
12-01-2022,1159.551636,1161.322481,1133.749074,1136.64671,14800442
13-01-2022,1166.082886,1168.704603,1153.71057,1159.620809,11856712
14-01-2022,1167.784546,1180.800793,1161.736348,1165.944843,19930176
17-01-2022,1173.878784,1179.743036,1166.864748,1167.324735,8036453
18-01-2022,1159.873657,1178.524102,1157.090987,1175.028642,6215029
19-01-2022,1159.781738,1169.164444,1153.986466,1163.645213,9755485
20-01-2022,1139.475464,1154.42351,1129.149791,1149.870117,16494486
21-01-2022,1139.659302,1150.881832,1127.769967,1127.769967,13338594
24-01-2022,1093.688599,1152.031845,1083.201973,1138.348549,21868937
25-01-2022,1091.549805,1098.632821,1060.158909,1080.649179,24510205
27-01-2022,1075.382935,1083.661843,1062.941639,1074.417096,20020431
28-01-2022,1074.348022,1092.768535,1070.921542,1087.755277,14667727
31-01-2022,1097.689941,1106.796728,1083.707734,1085.547559,12143683
01-02-2022,1094.056396,1113.327781,1079.522351,1107.53263,13200509
02-02-2022,1096.287109,1107.072647,1092.400642,1107.072647,10017691
03-02-2022,1082.120972,1104.520047,1079.568356,1100.173593,9572839
04-02-2022,1072.255371,1080.143395,1067.564018,1076.716792,11061241
07-02-2022,1065.724243,1083.983803,1060.158903,1077.176707,10714467
08-02-2022,1083.638794,1085.455626,1062.458604,1071.956398,12060849
09-02-2022,1096.26416,1097.965904,1084.535778,1090.583854,11486225
10-02-2022,1095.137329,1101.875324,1087.801266,1101.875324,12464491
11-02-2022,1092.998657,1096.724172,1078.142584,1091.549839,15943370
14-02-2022,1075.589966,1083.132969,1063.838468,1076.371858,10719633
15-02-2022,1112.109009,1114.845692,1074.279031,1081.408033,11212671
16-02-2022,1109.809326,1119.031079,1101.990405,1117.651241,10392840
17-02-2022,1123.860474,1129.103786,1108.452562,1113.097929,12853252
18-02-2022,1115.075684,1129.793675,1113.120892,1124.274444,6775458
21-02-2022,1103.807129,1121.100851,1096.7701,1109.372347,11107193
22-02-2022,1098.793823,1101.9675,1079.545431,1082.190019,13494914
23-02-2022,1091.917725,1106.865771,1089.135176,1104.359141,7310110
24-02-2022,1037.506958,1076.210926,1031.826773,1060.15896,24846650
25-02-2022,1050.477295,1061.515758,1046.935726,1048.70645,14570089
28-02-2022,1085.248535,1088.83609,1031.642754,1031.642754,21297446
02-03-2022,1103.186279,1104.313192,1071.28953,1073.704186,21471786
03-03-2022,1093.872437,1110.683178,1090.077942,1103.853088,10186748
04-03-2022,1069.610718,1087.433285,1067.219055,1082.235959,10805667
07-03-2022,1030.05603,1063.42459,1021.984061,1048.062544,17983310
08-03-2022,1028.193237,1033.022672,1002.666653,1017.154713,21289374
09-03-2022,1082.741943,1088.675175,1027.572255,1028.423248,20414228
10-03-2022,1100.288574,1106.152826,1085.455616,1103.853136,17980493
11-03-2022,1103.462158,1108.912532,1092.837573,1092.837573,12257423
14-03-2022,1112.522949,1115.075687,1091.894719,1097.827951,8340678
15-03-2022,1087.042358,1116.708395,1076.647707,1116.708395,15925769
16-03-2022,1105.393921,1107.486672,1093.320518,1095.574222,11149828
17-03-2022,1141.430176,1148.651151,1110.798179,1118.916135,21422098
21-03-2022,1134.853027,1142.488003,1121.790793,1124.090483,11999466
22-03-2022,1164.174194,1165.921925,1128.505945,1131.495432,22557065
23-03-2022,1167.876587,1179.674071,1160.425679,1160.425679,15462187
24-03-2022,1186.021118,1188.550862,1154.446399,1154.446399,13168266
25-03-2022,1193.932129,1203.199868,1185.262214,1187.791958,14222488
28-03-2022,1205.936646,1209.524079,1189.631754,1200.440285,9891424
29-03-2022,1206.212524,1213.318534,1199.244475,1213.318534,8684065
30-03-2022,1229.393555,1236.315618,1203.705957,1214.192582,15811550
31-03-2022,1211.82373,1227.898689,1208.995196,1225.713965,13223718
01-04-2022,1221.528442,1225.805917,1205.959579,1212.398662,7922880
04-04-2022,1225.139038,1230.336364,1214.997433,1221.344543,7929162
05-04-2022,1207.822266,1227.99063,1205.361623,1219.343709,13149870
06-04-2022,1204.602783,1211.708793,1189.907784,1189.907784,12257215
07-04-2022,1183.353638,1198.600596,1180.662941,1193.587216,15496499
08-04-2022,1203.03894,1207.339408,1177.443317,1177.443317,15152495
11-04-2022,1200.532349,1213.57159,1188.021952,1195.840874,9254209
12-04-2022,1177.926392,1197.036825,1175.327668,1189.861714,13217742
13-04-2022,1173.602905,1192.437419,1170.774249,1184.112524,10354235
18-04-2022,1170.015259,1177.351322,1159.873654,1165.024994,9974224
19-04-2022,1214.606445,1227.116842,1173.32699,1176.523539,26141820
20-04-2022,1250.320679,1257.472796,1218.42393,1222.103458,25072240
21-04-2022,1279.595825,1282.76938,1256.552816,1265.245725,21708633
22-04-2022,1268.879272,1288.748604,1262.164148,1268.925259,15054154
25-04-2022,1239.535156,1268.695222,1225.116076,1261.336287,17063215
26-04-2022,1276.62915,1285.528998,1245.376336,1246.434147,12227666
27-04-2022,1277.871094,1300.707042,1267.154414,1267.522428,19338945
28-04-2022,1296.958496,1311.285603,1281.435497,1292.405103,25614076
29-04-2022,1283.34436,1313.654332,1277.388135,1313.654332,18214862
02-05-2022,1278.836914,1290.358358,1268.534235,1270.351066,9467006
04-05-2022,1238.914185,1283.229357,1230.93431,1280.929666,19247660
05-05-2022,1214.652344,1255.632884,1210.558937,1252.643275,17210669
06-05-2022,1205.338623,1222.977244,1192.874214,1201.452156,19649948
09-05-2022,1158.263916,1194.507117,1153.06659,1184.319404,18083752
10-05-2022,1138.1875,1162.081379,1130.529531,1147.547334,19511677
11-05-2022,1126.528198,1142.925063,1113.948822,1137.26775,16643899
12-05-2022,1103.577271,1119.88204,1090.055049,1116.501546,20490321
13-05-2022,1116.087524,1139.728358,1110.913191,1115.811605,19308778
16-05-2022,1116.363525,1141.108155,1111.511098,1119.698033,13437911
17-05-2022,1163.25415,1168.198551,1118.571089,1119.996914,16551828
18-05-2022,1167.485718,1182.042757,1153.641591,1168.083664,17276788
19-05-2022,1140.579224,1155.596249,1134.232113,1142.488028,14699118
20-05-2022,1207.086426,1216.262193,1150.766952,1155.596264,21793091
23-05-2022,1199.014526,1220.470635,1192.621308,1210.328909,15252755
24-05-2022,1203.130981,1213.318573,1194.783093,1199.060568,13527818
25-05-2022,1201.360229,1221.91948,1196.530795,1211.938828,12714544
26-05-2022,1189.907715,1211.892789,1171.924074,1207.063355,17882023
27-05-2022,1184.388428,1198.209561,1168.290597,1192.644343,16521973
30-05-2022,1225.64502,1229.876386,1193.173318,1202.73997,13853398
31-05-2022,1210.85791,1232.084087,1203.061982,1214.882337,70620653
01-06-2022,1211.248901,1221.229554,1203.291899,1211.616793,9776989
02-06-2022,1253.011353,1256.759861,1211.478851,1211.478851,22126569
03-06-2022,1278.399902,1295.808591,1261.152166,1262.07214,23939791
06-06-2022,1272.903687,1294.267823,1265.659596,1278.629979,11093152
07-06-2022,1275.295288,1283.735149,1265.774623,1273.98443,12358255
08-06-2022,1252.896362,1279.089811,1249.3318,1275.295316,12479250
09-06-2022,1287.253784,1289.208454,1246.434195,1246.434195,17278305
10-06-2022,1248.388916,1283.183299,1242.524664,1274.904391,18093057
13-06-2022,1224.770996,1229.32439,1203.33788,1218.837886,17620803
14-06-2022,1208.765137,1228.887515,1202.02702,1218.860877,14714312
15-06-2022,1194.13916,1212.996667,1188.665915,1203.912873,11195535
16-06-2022,1177.443359,1223.000288,1174.683683,1206.419478,17111475
17-06-2022,1191.241455,1207.270305,1175.649599,1177.443315,24457187
20-06-2022,1169.647461,1203.70594,1159.551721,1198.1406,12066797
21-06-2022,1188.527954,1192.805307,1162.86335,1177.443382,11720049
22-06-2022,1152.422729,1176.661509,1150.306985,1176.569536,10617206
23-06-2022,1133.726074,1161.345468,1124.550308,1156.769081,19446323
24-06-2022,1149.870117,1154.906369,1135.12901,1140.648363,14240234
27-06-2022,1146.466431,1170.521263,1141.361078,1170.521263,15474529
28-06-2022,1162.58728,1165.461923,1141.614151,1141.614151,13572847
29-06-2022,1186.71106,1194.461123,1150.306906,1153.158555,19205146
30-06-2022,1193.84021,1203.153936,1180.203023,1186.642106,23112959
01-07-2022,1107.854614,1192.161376,1087.75535,1184.296468,81997149
04-07-2022,1110.154297,1123.170545,1088.261194,1094.171433,41857728
05-07-2022,1119.146118,1133.703157,1111.718082,1114.431772,17647327
06-07-2022,1109.303345,1123.147471,1098.333862,1113.097839,23943726
07-07-2022,1098.379883,1119.146072,1092.354678,1115.765578,23301033
08-07-2022,1099.897705,1112.132061,1095.82717,1112.132061,19010108
11-07-2022,1114.845703,1117.099285,1090.054966,1093.044575,13847467
12-07-2022,1113.258789,1122.11265,1105.692794,1105.692794,10778989
13-07-2022,1093.527466,1119.491103,1091.434837,1116.409521,14224132
14-07-2022,1102.542236,1119.468066,1093.251504,1098.333863,16970315
15-07-2022,1104.68103,1110.752222,1096.080216,1110.752222,9603210
18-07-2022,1114.086792,1115.351542,1100.311524,1113.511839,15160908
19-07-2022,1120.916992,1125.470386,1103.991161,1103.991161,16439888
20-07-2022,1151.226807,1169.394394,1143.522851,1168.24461,23924246
21-07-2022,1143.545776,1149.847022,1134.807003,1147.087345,16523230
22-07-2022,1151.272949,1157.344141,1147.547434,1149.847124,10969995
25-07-2022,1113.23584,1134.876016,1105.232972,1134.876016,23110452
26-07-2022,1113.741821,1124.044501,1109.073462,1113.557875,11303288
27-07-2022,1112.68396,1116.271393,1104.772944,1113.028859,8655086
28-07-2022,1130.115723,1135.105988,1113.511919,1120.410989,12496073
29-07-2022,1154.193359,1157.711935,1133.289211,1138.210496,15130683
01-08-2022,1184.273438,1190.206669,1153.342528,1158.65482,15700044
02-08-2022,1188.780884,1199.428462,1178.156299,1183.192672,13917913
03-08-2022,1198.761475,1200.440225,1180.869928,1195.840845,14250977
04-08-2022,1182.916626,1204.004843,1165.94493,1200.440281,14467127
05-08-2022,1165.484863,1186.090099,1162.242328,1184.802356,13942438
08-08-2022,1180.731812,1188.274814,1164.105016,1164.105016,10165178
10-08-2022,1187.791992,1191.19548,1176.086481,1185.216262,10724688
11-08-2022,1191.747437,1200.394237,1186.734056,1197.266668,8198226
12-08-2022,1211.018799,1214.85928,1187.654008,1191.379401,12650587
16-08-2022,1219.435669,1222.195346,1208.397206,1217.089993,6607378
17-08-2022,1225.805908,1231.210173,1221.390474,1225.736928,6595965
18-08-2022,1224.035278,1227.576726,1214.330545,1223.437332,7410035
19-08-2022,1202.21106,1224.219128,1198.117531,1218.837856,9460724
22-08-2022,1198.876465,1210.236955,1189.401786,1203.659913,9471680
23-08-2022,1217.366089,1220.309712,1191.862438,1193.081323,9678484
24-08-2022,1214.123413,1228.036641,1212.099764,1214.284487,10369622
25-08-2022,1210.582031,1224.771057,1206.235577,1218.354967,7871946
26-08-2022,1204.119751,1218.837864,1199.060506,1211.018821,10742038
29-08-2022,1194.76001,1221.137525,1185.745196,1188.941744,19838975
30-08-2022,1213.295532,1216.653155,1185.078313,1202.280062,23139054
01-09-2022,1177.627319,1198.117591,1173.165899,1187.861019,19909939
02-09-2022,1163.875122,1184.503352,1161.667405,1177.627275,12999345
05-09-2022,1181.950806,1187.332078,1164.105123,1164.105123,11327815
06-09-2022,1194.39209,1198.600585,1182.962619,1183.422606,10899618
07-09-2022,1187.447021,1193.49522,1182.042756,1184.342446,7488501
08-09-2022,1189.125732,1194.921005,1182.502703,1190.436591,7057077
09-09-2022,1181.720825,1200.440251,1179.283054,1200.440251,8314850
12-09-2022,1194.94397,1201.360181,1182.295614,1182.295614,7435419
13-09-2022,1204.924683,1209.501069,1196.300875,1204.119797,8888657
14-09-2022,1190.482544,1200.440202,1183.307555,1184.342373,8678219
15-09-2022,1178.685181,1197.473585,1175.948497,1188.0219,10365600
16-09-2022,1149.479004,1174.223755,1145.707503,1169.969274,20217708
19-09-2022,1150.973877,1160.287603,1141.269144,1149.479072,7580254
20-09-2022,1151.157837,1167.186809,1147.409329,1160.172651,8411448
21-09-2022,1154.331543,1165.025108,1147.547439,1148.352324,9207309
22-09-2022,1143.453857,1151.226793,1137.014774,1143.407871,10308170
23-09-2022,1122.020752,1147.984268,1120.456968,1142.948016,9528051
26-09-2022,1093.435547,1112.040129,1092.423722,1101.116509,12479523
27-09-2022,1102.128418,1115.811592,1085.501621,1101.093478,16154822
28-09-2022,1072.784302,1093.73456,1070.323659,1085.616604,16997059
29-09-2022,1069.495728,1088.905072,1063.838415,1085.455598,14671827
30-09-2022,1093.619629,1104.773059,1062.91865,1062.91865,18613024
03-10-2022,1089.825073,1111.649074,1086.835464,1099.943685,11852723
04-10-2022,1109.924316,1112.132033,1099.322725,1102.841301,8948850
06-10-2022,1114.0177,1126.850002,1112.20099,1117.191377,13352162
07-10-2022,1118.732178,1124.04447,1110.591229,1110.591229,7714340
10-10-2022,1106.520874,1111.948133,1098.333939,1106.15286,6329527
11-10-2022,1084.489624,1110.292186,1081.362055,1110.292186,9215177
12-10-2022,1092.469604,1095.43622,1077.682512,1081.77604,7417103
13-10-2022,1095.942261,1101.093479,1085.501622,1090.698948,7328492
14-10-2022,1090.376953,1111.373198,1089.641047,1110.752258,9106089
17-10-2022,1107.877563,1110.29222,1077.912614,1083.155927,16729355
18-10-2022,1127.425049,1132.829314,1113.120935,1113.971807,12415820
19-10-2022,1147.041382,1162.656353,1123.032536,1128.919781,19247142
20-10-2022,1150.123047,1158.585902,1142.948057,1142.948057,8717053
21-10-2022,1136.784668,1157.573972,1134.669046,1153.38847,8243452
24-10-2022,1140.579224,1150.996869,1129.287834,1131.449443,3370033
25-10-2022,1122.963623,1149.387127,1121.330859,1149.387127,12233241
27-10-2022,1127.379028,1135.336031,1118.939167,1130.52959,12513059
28-10-2022,1161.874512,1165.944925,1131.196527,1133.749143,17609592
31-10-2022,1172.660034,1177.880354,1164.657045,1168.704587,12419943
01-11-2022,1163.576172,1195.84081,1153.52654,1195.84081,13963166
02-11-2022,1170.84314,1172.93589,1156.746088,1164.702969,8981896
03-11-2022,1175.212646,1177.236417,1161.36852,1163.576237,6693449
04-11-2022,1192.506348,1195.840856,1173.349929,1174.637673,12575815
07-11-2022,1198.876465,1200.57833,1183.882554,1191.701476,11789748
09-11-2022,1197.680664,1205.936579,1191.264452,1200.5783,11254205
10-11-2022,1183.192627,1194.254083,1178.823179,1191.241481,5966242
11-11-2022,1210.467041,1212.398717,1190.321668,1195.8409,12310132
14-11-2022,1204.602783,1215.158389,1198.209565,1209.984055,9043112
15-11-2022,1199.198486,1207.983246,1191.241484,1206.097556,7086433
16-11-2022,1192.322388,1203.176905,1187.263021,1200.440221,9716161
17-11-2022,1195.404053,1201.820143,1186.642164,1188.918861,6661451
18-11-2022,1194.76001,1199.980329,1182.548648,1198.945389,5303197
21-11-2022,1173.257935,1190.321602,1169.670379,1190.321602,6390268
22-11-2022,1179.765991,1181.352769,1166.634778,1170.544238,6611488
23-11-2022,1176.086548,1185.676315,1173.878831,1184.342463,6413408
24-11-2022,1186.228271,1193.081355,1172.016131,1180.203066,9389439
25-11-2022,1203.935791,1207.293292,1187.607907,1190.781584,7349922
28-11-2022,1245.307373,1251.516524,1150.766914,1199.934391,31527484
29-11-2022,1247.446045,1256.39188,1239.075163,1243.65155,11058913
30-11-2022,1256.253906,1262.739098,1241.006948,1247.584112,26164986
01-12-2022,1252.551392,1267.131424,1249.19389,1261.060233,9485801
02-12-2022,1252.022339,1263.911795,1242.110667,1255.632887,11589592
05-12-2022,1233.762817,1249.538742,1231.716175,1247.354018,14828536
06-12-2022,1237.327393,1240.454961,1223.897144,1225.782956,8594245
07-12-2022,1219.067871,1239.535149,1215.22739,1234.935769,8462111
08-12-2022,1218.49292,1225.737011,1214.284547,1223.437321,7757008
09-12-2022,1200.026367,1223.437267,1196.691738,1216.998062,12655763
12-12-2022,1201.866089,1206.419482,1188.941814,1189.171868,9479842
13-12-2022,1207.339478,1211.018884,1198.922488,1201.866111,8333348
14-12-2022,1202.969971,1213.755508,1200.900213,1213.157562,7268947
15-12-2022,1185.883179,1202.739907,1182.502684,1196.990743,8688551
16-12-2022,1180.018921,1204.487753,1176.59244,1182.502678,15837349
19-12-2022,1195.518921,1197.680651,1180.524889,1187.102053,7729933
20-12-2022,1205.867676,1207.799352,1180.203071,1188.435993,7467588
21-12-2022,1188.711914,1211.018896,1184.84844,1205.499664,8527550
22-12-2022,1185.630249,1197.979571,1180.547889,1194.920982,7451122
23-12-2022,1150.858887,1191.471536,1146.2825,1178.96114,10257115
26-12-2022,1160.908569,1169.164485,1146.35153,1156.631216,5990242
27-12-2022,1170.406372,1172.292062,1156.861157,1163.645261,5763271
28-12-2022,1170.291382,1172.752025,1159.735776,1167.324766,7459393
29-12-2022,1169.762329,1172.337938,1161.575394,1162.265313,6930648
30-12-2022,1171.556152,1185.26232,1168.750611,1170.590314,7289476
02-01-2023,1184.75647,1186.182295,1172.01614,1172.844019,5316175
03-01-2023,1176.086548,1183.422612,1171.832188,1179.766076,7658932
04-01-2023,1158.378906,1177.926332,1156.286155,1176.063514,9264891
05-01-2023,1156.309204,1166.588891,1151.686831,1160.655659,13637099
06-01-2023,1166.818726,1171.901085,1158.263899,1162.104379,6349597
09-01-2023,1194.369019,1196.760803,1169.785342,1170.6822,10722753
10-01-2023,1176.707397,1198.600499,1171.00422,1198.600499,8047142
11-01-2023,1161.874512,1176.523524,1159.551707,1173.993901,11509553
12-01-2023,1136.784668,1164.794947,1133.749072,1161.276493,17688773
13-01-2023,1134.945068,1137.382718,1119.767089,1130.71358,20618583
16-01-2023,1124.136475,1140.48723,1116.271445,1137.290682,13623855
17-01-2023,1140.096313,1142.02799,1127.126053,1130.52954,10751000
18-01-2023,1138.210571,1145.753574,1131.610535,1137.658733,13448286
19-01-2023,1136.991821,1141.177201,1129.908683,1137.382707,11940054
20-01-2023,1123.469604,1138.34855,1120.985968,1138.34855,14930286
23-01-2023,1117.789307,1134.301138,1115.351657,1126.390243,10954118
24-01-2023,1111.189209,1123.929416,1098.03488,1122.250666,16488755
25-01-2023,1095.827148,1110.614241,1094.654371,1109.579423,12385018
27-01-2023,1075.037964,1098.034864,1063.217487,1096.67814,25830975
30-01-2023,1085.340698,1090.92891,1058.319249,1072.439416,21772103
31-01-2023,1082.626953,1098.172945,1076.716715,1095.574221,22691594
01-02-2023,1076.210938,1094.631452,1060.158971,1094.631452,19347800
02-02-2023,1070.254639,1079.936257,1062.918575,1066.138117,13662663
03-02-2023,1071.19751,1080.39627,1054.639693,1080.39627,24699575
06-02-2023,1063.125488,1067.517929,1060.526886,1064.758252,14837879
07-02-2023,1060.572876,1070.461555,1054.639644,1063.378539,15135435
08-02-2023,1081.753052,1085.409587,1061.078836,1063.838391,21160332
09-02-2023,1083.638794,1090.445891,1073.497189,1082.443023,13172763
10-02-2023,1074.716064,1083.109939,1067.65592,1083.109939,10790445
13-02-2023,1068.598877,1080.856226,1064.09147,1076.348819,10352493
14-02-2023,1093.780518,1095.528248,1068.736853,1071.63449,14321920
15-02-2023,1118.548096,1120.962874,1091.434797,1092.814513,33503591
16-02-2023,1117.674316,1133.197316,1115.374626,1126.597158,17264487
17-02-2023,1122.342651,1125.700274,1108.728457,1113.051918,11809520
20-02-2023,1110.476318,1126.735101,1108.498534,1124.550378,8836937
21-02-2023,1119.537109,1125.378247,1109.533342,1114.891743,13311592
22-02-2023,1094.148438,1117.651311,1092.377714,1115.788615,11024335
23-02-2023,1088.905151,1101.438542,1086.076616,1093.734586,9851910
24-02-2023,1096.356079,1102.082371,1089.135104,1090.974807,9434053
27-02-2023,1089.06604,1099.0928,1081.638125,1095.574225,11199715
28-02-2023,1068.230835,1088.675118,1064.137428,1083.661738,21994038
01-03-2023,1078.050537,1078.786443,1068.552744,1078.096524,11551145
02-03-2023,1069.840698,1081.615189,1067.793934,1074.877072,9333535
03-03-2023,1097.138062,1100.840583,1076.969817,1080.465278,14643807
06-03-2023,1107.854614,1115.167685,1103.85318,1103.85318,10171916
08-03-2023,1111.83313,1112.592029,1096.954064,1107.854568,15782657
09-03-2023,1085.110596,1111.626071,1083.201913,1111.212193,16235128
10-03-2023,1068.299927,1078.096634,1064.781351,1076.946849,13334091
13-03-2023,1050.730225,1078.096572,1046.360777,1071.197502,12771592
14-03-2023,1046.797729,1060.135882,1043.624174,1048.660426,16027522
15-03-2023,1028.906128,1057.077362,1024.467701,1050.546305,21728555
16-03-2023,1023.777771,1036.702046,1012.877267,1031.642801,18363159
17-03-2023,1022.48999,1035.759164,1017.706603,1032.447649,34014213
20-03-2023,1012.440308,1021.064175,1002.666595,1018.764485,19524589
21-03-2023,1043.923096,1045.90088,1019.684318,1020.581176,21400360
22-03-2023,1047.09668,1053.92677,1044.061084,1050.960154,10920094
23-03-2023,1033.850464,1044.015062,1031.66574,1043.141197,16249370
24-03-2023,1013.383179,1034.862342,1010.945529,1032.677618,12375945
27-03-2023,1029.135986,1036.701982,1011.957353,1019.914294,14054323
28-03-2023,1033.942505,1037.851966,1028.883138,1032.562667,12576424
29-03-2023,1027.825317,1032.470684,1016.970739,1029.80298,18804065
31-03-2023,1072.140381,1077.84368,1037.02409,1037.16205,28171201
03-04-2023,1072.324341,1080.39631,1064.758345,1078.556607,10293043
05-04-2023,1069.748657,1079.936248,1061.791776,1079.936248,16262928
06-04-2023,1076.923706,1082.695985,1066.207148,1066.207148,18435046
10-04-2023,1069.288696,1081.040194,1067.770898,1080.856248,12961408
11-04-2023,1074.578003,1076.71674,1068.920812,1073.497199,10542367
12-04-2023,1079.31543,1089.043034,1071.680454,1074.577969,18179087
13-04-2023,1083.385864,1088.123204,1077.176713,1082.235958,12378208
17-04-2023,1088.88208,1115.328575,1080.419226,1115.328575,17929479
18-04-2023,1076.417847,1093.274576,1069.817689,1093.274576,10405576
19-04-2023,1081.776123,1084.489692,1072.669336,1075.819898,12273475
20-04-2023,1079.039429,1084.995654,1072.623339,1082.74195,7007330
21-04-2023,1080.39624,1085.915472,1074.600968,1081.155139,7647317
24-04-2023,1084.535767,1095.068257,1079.936265,1092.354688,12936186
25-04-2023,1092.837524,1094.930275,1081.086149,1088.215151,9236126
26-04-2023,1086.421509,1097.460094,1082.718987,1094.194444,8617834
27-04-2023,1093.297485,1096.494034,1087.295274,1092.35464,9167125
28-04-2023,1113.28186,1114.845766,1095.459293,1095.574259,15565210
02-05-2023,1122.733643,1124.918366,1116.777418,1120.502932,12981805
03-05-2023,1113.0979,1124.550364,1109.855365,1124.550364,7061872
04-05-2023,1125.930176,1128.160886,1110.568252,1113.580854,8635233
05-05-2023,1123.055542,1132.070356,1120.410953,1122.710643,8746585
08-05-2023,1136.922852,1142.327117,1124.159529,1126.850104,9153782
09-05-2023,1140.441284,1143.775914,1132.944268,1138.348533,6464721
10-05-2023,1148.283325,1149.77813,1141.200187,1145.247729,10872255
11-05-2023,1140.786255,1154.216381,1139.061396,1149.364075,10557860
12-05-2023,1142.648926,1144.051757,1129.839618,1135.956795,6955341
15-05-2023,1144.90271,1151.93974,1137.497667,1145.201744,6833343
16-05-2023,1128.5979,1149.663002,1126.919028,1147.087393,8717229
17-05-2023,1121.928711,1133.749066,1117.191372,1132.829214,8798967
18-05-2023,1119.51416,1130.069766,1116.340483,1126.643163,10525531
19-05-2023,1123.147583,1124.987408,1112.522998,1119.514163,8050447
22-05-2023,1129.14978,1134.209147,1118.732256,1119.95102,7434906
23-05-2023,1128.942749,1135.128906,1127.516924,1131.748412,6092034
24-05-2023,1122.365601,1133.289219,1119.238032,1124.964324,8112254
25-05-2023,1122.227661,1126.390169,1111.235184,1119.445113,11487863
26-05-2023,1152.83667,1153.986454,1127.19506,1130.529568,12626260
29-05-2023,1159.321777,1163.645238,1153.158613,1159.505723,10010304
30-05-2023,1159.022827,1167.186769,1156.447097,1159.321739,11342504
31-05-2023,1136.002808,1154.377456,1131.909401,1149.847056,27107927
01-06-2023,1132.944214,1142.901994,1130.529558,1140.717271,14592692
02-06-2023,1129.241699,1141.959035,1127.310023,1136.508783,15800644
05-06-2023,1139.383423,1142.373032,1130.736501,1134.76105,10908682
06-06-2023,1140.349243,1144.189724,1132.369369,1142.235055,7493309
07-06-2023,1148.996216,1149.847088,1137.244718,1143.867869,10312545
08-06-2023,1149.686035,1157.597052,1145.707594,1152.606665,12071109
09-06-2023,1141.545166,1153.779522,1139.728334,1153.066609,5877018
12-06-2023,1142.557007,1144.87969,1133.749132,1138.578566,6391969
13-06-2023,1159.436768,1160.63266,1143.522883,1147.547432,11248016
14-06-2023,1173.694824,1175.143642,1157.665974,1159.505677,13277380
15-06-2023,1174.016846,1178.616226,1166.174809,1173.671825,11813494
16-06-2023,1185.446289,1187.745979,1177.535273,1177.535273,24171579
19-06-2023,1173.671875,1188.481962,1169.463502,1188.481962,6798554
20-06-2023,1176.109497,1179.283052,1165.944899,1171.717178,6921096
21-06-2023,1179.421143,1181.973758,1171.924126,1176.06352,6961603
22-06-2023,1166.174805,1183.5605,1164.565034,1175.603619,7619166
23-06-2023,1156.631226,1165.209047,1155.366353,1163.139289,6628570
26-06-2023,1147.800293,1156.930073,1144.649731,1153.066599,12641159
27-06-2023,1148.214355,1154.216446,1143.706948,1148.260342,9689466
28-06-2023,1163.415283,1167.255764,1148.858123,1155.826294,11354006
30-06-2023,1172.958984,1175.902607,1165.232035,1171.188261,11151555
03-07-2023,1203.062012,1205.959648,1175.304656,1176.546535,12154387
04-07-2023,1190.666626,1207.339408,1183.537502,1207.339408,8061643
05-07-2023,1188.711914,1199.980432,1184.71048,1199.980432,10248062
06-07-2023,1213.663574,1216.28517,1184.825415,1184.825415,19117987
07-07-2023,1211.294922,1225.714002,1208.719191,1211.938855,13375267
10-07-2023,1257.955566,1267.591319,1230.336294,1236.729391,33240016
11-07-2023,1271.592773,1274.030423,1259.128486,1266.165515,20069348
12-07-2023,1272.995605,1288.748536,1270.189942,1272.32868,18733835
13-07-2023,1261.612183,1287.36876,1258.967594,1280.423703,14682934
14-07-2023,1260.554321,1269.845054,1253.379211,1264.831674,15124144
17-07-2023,1286.310913,1294.750774,1254.713078,1263.451973,22220040
18-07-2023,1297.234375,1305.053296,1284.609013,1295.647597,25867313
19-07-2023,1307.077148,1313.585333,1286.448917,1301.626896,39122156
20-07-2023,1305.494263,1311.025417,1285.63661,1285.63661,38717624
21-07-2023,1265.081299,1303.02746,1257.53197,1300.087487,30249238
24-07-2023,1239.493164,1253.221595,1230.473848,1236.304037,23727866
25-07-2023,1238.695923,1248.363064,1235.805708,1242.78203,12026020
26-07-2023,1258.827515,1269.192361,1238.297219,1238.297219,12911012
27-07-2023,1247.11731,1264.533176,1240.963269,1262.739338,17226898
28-07-2023,1259.64978,1267.124411,1246.045928,1251.776478,20827852
31-07-2023,1270.313599,1272.630686,1254.71651,1259.64984,8551174
01-08-2023,1252.349487,1275.172052,1248.412897,1273.178817,9536632
02-08-2023,1238.969971,1251.751541,1227.633447,1250.356252,12748214
03-08-2023,1233.762573,1246.220292,1224.867835,1233.463661,10168350
04-08-2023,1250.530762,1253.744829,1231.619969,1245.173943,22885610
07-08-2023,1257.656616,1259.923824,1248.263447,1256.236388,5982870
08-08-2023,1250.082153,1262.938543,1245.547617,1259.724476,9844072
09-08-2023,1258.329224,1260.222821,1236.353881,1248.188714,11486586
10-08-2023,1263.935181,1270.687288,1249.982536,1258.20463,15470598
11-08-2023,1269.26709,1275.0974,1251.926043,1261.941976,22179330
14-08-2023,1284.266235,1286.782719,1258.229603,1265.205926,9575812
16-08-2023,1283.219727,1287.031861,1271.185619,1271.185619,10203112
17-08-2023,1264.707642,1284.689872,1262.1414,1279.208475,13673744
18-08-2023,1274.075806,1284.440652,1250.032409,1261.343993,18639978
21-08-2023,1255.738037,1273.403058,1253.570345,1265.679272,9221746
22-08-2023,1255.438965,1264.682616,1245.273515,1254.193193,7713044
23-08-2023,1256.834351,1267.1245,1254.21823,1257.830968,9517952
24-08-2023,1235.706055,1265.654337,1231.320913,1265.654337,14140020
25-08-2023,1230.000488,1248.263456,1217.169038,1223.846326,22222400
28-08-2023,1217.741943,1237.798869,1211.438387,1231.819165,12580826
29-08-2023,1206.081665,1222.575612,1200.002201,1221.878029,16876644
30-08-2023,1204.935547,1217.368326,1203.415681,1211.88693,12168946
31-08-2023,1199.429199,1208.398757,1195.891158,1207.402139,21638600
01-09-2023,1202.244507,1208.72252,1196.763111,1199.204897,18112842
04-09-2023,1201.272827,1207.725901,1198.582009,1202.244505,9347626
05-09-2023,1207.701172,1212.858595,1202.144956,1205.907212,8675876
06-09-2023,1210.242432,1213.954807,1204.536821,1206.455358,8200370
07-09-2023,1211.886841,1215.00127,1201.422357,1206.754237,13652572
08-09-2023,1219.959473,1223.846305,1207.377177,1215.873365,23109288
11-09-2023,1233.114868,1234.236063,1221.853042,1221.853042,13271074
12-09-2023,1215.300293,1237.300575,1213.855125,1237.300575,16255666
13-09-2023,1221.379639,1227.159947,1209.021558,1215.873303,12803338
14-09-2023,1222.500854,1228.729714,1218.364868,1225.839499,9209636
15-09-2023,1224.768188,1229.825974,1220.607262,1229.825974,25468592
18-09-2023,1214.10437,1221.354787,1211.91186,1215.89833,7516300
20-09-2023,1187.046143,1209.694373,1173.517109,1207.427043,57081884
21-09-2023,1178.400513,1191.007748,1176.008606,1183.458298,12226182
22-09-2023,1173.492188,1187.195678,1171.025583,1183.981611,19176786
25-09-2023,1166.266724,1176.357476,1163.600845,1171.224872,14254884
26-09-2023,1167.288208,1171.125161,1163.849926,1165.319913,10087782
27-09-2023,1180.443604,1181.888772,1165.295065,1167.786609,11722778
28-09-2023,1163.102539,1187.469789,1158.567881,1187.469789,14518346
29-09-2023,1168.534058,1180.543348,1163.102541,1166.939494,12342014
03-10-2023,1155.154419,1163.850004,1154.083104,1161.034487,8859056
04-10-2023,1153.161133,1155.577979,1143.668449,1150.594891,10286386
05-10-2023,1153.136353,1160.760379,1150.594929,1155.702594,10953682
06-10-2023,1155.079712,1158.468236,1152.114799,1154.606343,5431026
09-10-2023,1145.238037,1152.064842,1143.618534,1150.146427,7576878
10-10-2023,1150.295898,1155.029832,1147.978811,1149.3741,10236032
11-10-2023,1168.55896,1170.876047,1152.58814,1153.310664,9814118
12-10-2023,1170.726563,1175.684832,1165.120589,1167.961046,12554450
13-10-2023,1170.676758,1174.762865,1160.635764,1166.042462,10150316
16-10-2023,1168.060669,1173.292911,1164.049259,1168.534038,5929036
17-10-2023,1173.641724,1175.859173,1166.690341,1174.015455,7928180
18-10-2023,1158.06958,1179.496857,1156.574654,1173.641729,8918320
19-10-2023,1149.174683,1156.973288,1146.608441,1152.089837,12032556
20-10-2023,1145.661743,1153.435287,1144.266454,1146.110172,8913312
23-10-2023,1127.772339,1149.224555,1123.810809,1141.127038,7853962
25-10-2023,1125.15625,1136.741929,1117.706558,1121.219659,11620688
26-10-2023,1109.484375,1125.1811,1106.394885,1121.692939,15222534
27-10-2023,1129.067993,1132.904946,1114.193428,1116.211603,11771084
30-10-2023,1152.338989,1158.567849,1131.135928,1133.154102,16813304
31-10-2023,1140.080566,1160.062796,1137.589023,1160.062796,12808438
01-11-2023,1144.814453,1154.830507,1133.752023,1140.703406,10309190
02-11-2023,1156.175903,1158.219018,1150.071621,1153.061474,10562104
03-11-2023,1155.926758,1163.525966,1153.958463,1159.664073,8850156
06-11-2023,1165.544189,1166.042498,1158.866901,1162.205545,10647304
07-11-2023,1157.969849,1165.593997,1155.852037,1163.077513,6960204
08-11-2023,1163.99939,1166.540813,1156.948369,1162.056034,7884494
09-11-2023,1151.36731,1163.999363,1148.203,1163.974545,14513610
10-11-2023,1153.534912,1154.257557,1145.138482,1148.875798,7734954
13-11-2023,1153.385498,1158.368586,1151.94033,1157.521363,3854810
15-11-2023,1174.239624,1176.980322,1159.564456,1166.042469,12220648
16-11-2023,1176.357422,1183.05965,1169.505677,1171.573731,13134910
17-11-2023,1173.791138,1182.611178,1172.047057,1172.470547,7758634
20-11-2023,1170.70166,1175.211257,1164.248465,1170.302989,4490186
21-11-2023,1185.426636,1189.961294,1176.108286,1178.998502,8214450
22-11-2023,1190.060913,1193.175343,1182.087973,1183.483262,8534814
23-11-2023,1193.698608,1195.940998,1190.06093,1190.06093,8531542
24-11-2023,1192.901245,1197.236628,1191.481138,1191.755232,6749486
28-11-2023,1193.150391,1195.791451,1183.607827,1192.901236,13792174
29-11-2023,1196.289795,1201.895768,1194.969325,1199.927473,12531306
30-11-2023,1184.704102,1196.28978,1180.941846,1193.299927,28439984
01-12-2023,1193.100708,1194.147083,1184.778976,1184.978251,14342842
04-12-2023,1206.006836,1220.856461,1195.24344,1220.856461,15590990
05-12-2023,1214.752197,1216.297003,1206.729377,1215.375083,12693624
06-12-2023,1226.387695,1232.292581,1213.381788,1219.411373,16422442
07-12-2023,1224.369507,1226.312862,1216.869936,1225.839493,8142096
08-12-2023,1223.72168,1234.161223,1218.364861,1227.758029,10204894
11-12-2023,1225.515625,1229.626672,1222.052282,1223.846242,7066138
12-12-2023,1207.925293,1228.306071,1205.981816,1225.839467,9197124
13-12-2023,1212.858521,1215.051152,1199.080333,1206.903755,10031182
14-12-2023,1227.907471,1233.28923,1217.193832,1222.849685,16972354
15-12-2023,1243.579346,1245.771856,1230.847533,1234.809063,15932152
18-12-2023,1256.236328,1263.162771,1241.262126,1243.579335,14165188
19-12-2023,1274.723633,1282.596814,1258.329202,1273.178827,16820604
20-12-2023,1259.300903,1295.029738,1255.738044,1281.17673,17736722
21-12-2023,1276.941162,1282.397619,1254.866059,1259.226261,13765454
22-12-2023,1278.18689,1286.08501,1269.516244,1275.471131,16541784
26-12-2023,1284.664917,1291.59136,1277.015829,1279.65689,7465664
27-12-2023,1289.050049,1295.552881,1282.198303,1286.633203,9204156
28-12-2023,1298.368408,1301.582475,1289.050059,1290.520045,12302636
29-12-2023,1288.103149,1302.579043,1285.287754,1301.133996,10864584
01-01-2024,1290.744263,1299.016237,1282.223134,1285.910692,4030540
02-01-2024,1301.432983,1303.077427,1282.148458,1288.128164,7448800
03-01-2024,1287.281006,1312.545235,1284.241274,1300.585825,9037536
04-01-2024,1293.93335,1300.511122,1285.188128,1289.623028,9612778
05-01-2024,1299.439697,1305.494222,1294.606127,1297.047791,8086406
08-01-2024,1289.299194,1311.523692,1280.13024,1300.585839,7734652
09-01-2024,1285.885742,1298.991287,1284.241299,1295.602763,5403074
10-01-2024,1320.568115,1325.003015,1283.170018,1284.141696,11102740
11-01-2024,1355.300171,1357.891352,1324.006357,1325.002974,23725852
12-01-2024,1366.088501,1368.679682,1341.198003,1355.300165,15012164
15-01-2024,1389.409424,1391.726511,1361.379556,1370.349113,8610594
16-01-2024,1369.975342,1391.577075,1365.864295,1385.273396,9069024
17-01-2024,1356.96936,1381.585884,1350.441589,1354.901428,12197382
18-01-2024,1363.322876,1366.362608,1346.679412,1346.828929,10279438
19-01-2024,1362.824585,1371.345713,1354.403216,1371.345713,10422704
23-01-2024,1324.081055,1367.110064,1318.076532,1367.110064,20055420
24-01-2024,1339.329346,1344.935319,1319.446875,1330.70858,21919128
25-01-2024,1348.498169,1359.535781,1330.683631,1338.407417,11808872
29-01-2024,1443.151978,1447.586877,1355.574217,1359.884539,23893438
30-01-2024,1402.863647,1455.036547,1399.67452,1455.011607,14093978
31-01-2024,1421.799438,1429.398647,1397.756041,1399.250968,15130226
01-02-2024,1421.824341,1438.467804,1413.253455,1430.146072,13349362
02-02-2024,1452.769287,1469.911181,1428.32734,1428.32734,19652588
05-02-2024,1434.157471,1465.525981,1426.68284,1455.808961,8814432
06-02-2024,1422.970459,1436.972861,1415.022337,1436.972861,9047984
07-02-2024,1437.271973,1444.597087,1424.415582,1431.068053,9296568
08-02-2024,1445.219971,1454.53832,1422.696439,1445.095394,14694634
09-02-2024,1455.80896,1466.995967,1446.04206,1449.081792,12556798
12-02-2024,1447.437378,1456.058143,1437.471203,1455.808989,6674430
13-02-2024,1460.144287,1473.997295,1449.081857,1450.576783,7715594
14-02-2024,1476.364258,1478.631587,1452.570015,1452.570015,7117888
15-02-2024,1465.62561,1479.702832,1461.564443,1478.332483,10006782
16-02-2024,1455.634521,1472.004012,1453.616468,1471.480764,9767498
19-02-2024,1469.01416,1474.495556,1448.608442,1457.10463,6729828
20-02-2024,1466.049316,1470.509155,1456.855544,1470.035786,7117496
21-02-2024,1462.735474,1483.490106,1452.619903,1469.014213,12720292
22-02-2024,1476.737915,1479.927042,1453.06825,1463.183942,18493728
23-02-2024,1488.572754,1492.484526,1478.332485,1484.461707,14438584
26-02-2024,1482.294067,1489.469786,1477.485437,1488.498109,7513106
27-02-2024,1480.624756,1494.876313,1473.050487,1478.008635,10826044
28-02-2024,1450.701294,1486.230731,1445.269777,1477.983697,8647950
29-02-2024,1455.858887,1473.972337,1449.605088,1460.044632,23628976
01-03-2024,1487.077881,1494.926244,1457.553088,1458.549705,12132926
04-03-2024,1502.30127,1507.334115,1482.194462,1485.433469,10024420
05-03-2024,1495.125488,1502.301207,1481.023448,1500.681704,7107668
06-03-2024,1497.916138,1503.895843,1473.499008,1488.398392,7805676
07-03-2024,1473.922607,1498.015763,1470.559023,1497.891186,8315726
11-03-2024,1461.63916,1483.963416,1458.54967,1483.963416,11277130
12-03-2024,1470.434448,1482.966865,1460.069602,1461.639226,9432678
13-03-2024,1427.330688,1478.083361,1422.945547,1474.769656,13522134
14-03-2024,1426.633057,1443.625434,1420.678291,1434.830212,18571102
15-03-2024,1413.427856,1428.377119,1408.120917,1421.126702,19223818
18-03-2024,1434.605957,1436.848346,1411.733634,1415.196855,9169392
19-03-2024,1420.429077,1432.737279,1412.456137,1423.917238,8275764
20-03-2024,1438.866455,1440.112227,1419.2082,1423.119851,8488806
21-03-2024,1446.067017,1452.968641,1439.7884,1447.611822,13006936
22-03-2024,1450.103394,1455.061541,1442.454306,1445.070427,19527608
26-03-2024,1436.698853,1447.48731,1434.132611,1440.112316,11415906
27-03-2024,1487.800415,1494.926255,1442.105527,1443.102144,16326644
28-03-2024,1480.824097,1500.856084,1473.648499,1487.825359,21854364
01-04-2024,1479.752808,1488.92164,1477.485478,1487.426714,5013880
02-04-2024,1481.920288,1488.94649,1470.010758,1478.980315,8910166
03-04-2024,1466.622314,1479.428825,1463.931496,1477.061859,7008292
04-04-2024,1457.976685,1474.744725,1445.095355,1474.744725,14490272
05-04-2024,1455.161133,1465.825013,1451.075026,1455.933536,7442298
08-04-2024,1480.948608,1485.931696,1456.058112,1458.026407,8357118
09-04-2024,1458.699219,1484.760791,1457.553084,1483.963448,7071414
10-04-2024,1474.570313,1481.970246,1461.39007,1461.39007,9138330
12-04-2024,1462.187378,1481.446962,1458.126089,1470.882841,15551012
15-04-2024,1459.870117,1477.111648,1441.432694,1456.058104,12902062
16-04-2024,1460.792114,1466.198813,1446.017308,1448.434033,9366184
18-04-2024,1459.371826,1480.973558,1454.413679,1458.549665,19005692
19-04-2024,1465.152344,1469.014237,1438.144033,1451.847524,15741778
22-04-2024,1474.84436,1477.809273,1462.835193,1467.469367,10350362
23-04-2024,1454.388794,1488.448246,1450.62666,1473.997292,14605554
24-04-2024,1445.269775,1463.582621,1444.59701,1458.549654,10462776
25-04-2024,1455.036621,1463.009561,1436.624137,1437.620754,15943926
26-04-2024,1447.636841,1460.04468,1445.095417,1458.998183,9413848
29-04-2024,1460.06958,1462.934855,1445.095378,1445.095378,7247974
30-04-2024,1462.037842,1478.058419,1457.926795,1463.034459,11474262
02-05-2024,1461.589478,1472.327934,1459.172631,1467.020994,14512646
03-05-2024,1429.149536,1469.960975,1411.359938,1466.024385,17226958
06-05-2024,1414.723511,1435.12923,1413.203645,1430.644451,7394208
07-05-2024,1396.734497,1415.944324,1387.291571,1411.185451,14517472
08-05-2024,1413.751831,1428.103026,1392.772984,1392.772984,9439002
09-05-2024,1389.409424,1418.934218,1385.298376,1408.22058,11009612
10-05-2024,1402.664429,1405.23067,1383.379783,1392.025488,10505096
13-05-2024,1397.955322,1402.215886,1379.318624,1395.164866,8456620
14-05-2024,1415.271484,1422.247807,1395.289377,1396.236115,7188300
15-05-2024,1411.484497,1425.138108,1408.24549,1415.695182,5046534
16-05-2024,1420.528687,1422.671438,1393.296163,1413.751761,14711774
17-05-2024,1430.84375,1432.338676,1408.469735,1418.236635,10916476
21-05-2024,1431.267334,1436.948005,1420.77791,1420.77791,11176128
22-05-2024,1455.709351,1463.806868,1431.416799,1431.416799,10281604
23-05-2024,1481.023438,1487.177477,1450.078416,1453.616457,14608260
24-05-2024,1475.243042,1483.465136,1471.107055,1478.606626,7094776
27-05-2024,1461.290405,1479.877346,1456.606352,1475.21811,6629010
28-05-2024,1451.274292,1473.49891,1447.83601,1463.034427,7820162
29-05-2024,1435.901611,1453.068324,1433.584403,1441.607222,7383556
30-05-2024,1420.030396,1435.527846,1415.296462,1430.644396,13206858
31-05-2024,1425.561646,1437.371538,1417.439189,1426.458626,31069832
03-06-2024,1505.216309,1509.377235,1454.064963,1477.983783,21527942
04-06-2024,1392.548706,1492.982856,1354.702182,1492.982856,36709098
05-06-2024,1415.944336,1426.309182,1379.41828,1417.190108,17464890
06-06-2024,1426.757568,1438.816616,1416.542239,1430.146092,17855722
07-06-2024,1464.977783,1467.020898,1421.674803,1423.668038,18558696
10-06-2024,1466.422974,1488.298678,1463.109148,1464.977805,9251760
11-06-2024,1451.747803,1468.6903,1449.754568,1464.031064,11774902
12-06-2024,1458.375244,1471.00742,1450.252909,1452.569996,10081742
13-06-2024,1460.293823,1467.270146,1455.161219,1467.020992,9181160
14-06-2024,1472.552246,1474.670058,1452.295922,1465.027735,8157998
18-06-2024,1476.015503,1482.36894,1466.37318,1482.31906,7196766
19-06-2024,1453.716187,1482.468578,1451.075126,1482.468578,8725874
20-06-2024,1468.71521,1477.834285,1445.195061,1454.064981,16113776
21-06-2024,1449.281128,1469.711787,1435.702214,1468.640472,31170360
24-06-2024,1436.599121,1444.597,1432.637591,1440.63547,8878386
25-06-2024,1449.231323,1451.000344,1436.125779,1438.119014,7045386
26-06-2024,1508.903809,1513.837016,1440.23684,1441.15876,22014882
27-06-2024,1525.372925,1532.299368,1500.905917,1508.629703,28383030
28-06-2024,1560.105103,1575.652312,1525.846375,1525.846375,28957336
01-07-2024,1554.872803,1574.057689,1550.412964,1557.239769,7724306
02-07-2024,1559.880859,1568.177651,1551.733463,1564.191181,7749246
03-07-2024,1547.17395,1569.672541,1537.556567,1561.026836,9049620
04-07-2024,1548.768555,1562.197951,1545.554488,1551.733467,6837176
05-07-2024,1583.251465,1593.093063,1542.763879,1548.569127,12269710
08-07-2024,1595.484985,1603.358288,1577.172139,1583.625213,9500806
09-07-2024,1584.895874,1595.086263,1575.153914,1592.196048,6960002
10-07-2024,1578.866333,1592.096455,1557.862668,1589.604911,7134578
11-07-2024,1575.303467,1598.823615,1565.187775,1582.130272,11940946
12-07-2024,1591.324097,1599.720648,1569.174296,1579.140472,12924784
15-07-2024,1591.822388,1600.418214,1580.137072,1599.022925,5329688
16-07-2024,1570.918335,1594.588001,1563.817435,1588.109987,9386838
18-07-2024,1581.308105,1588.508643,1552.555594,1570.669165,12298374
19-07-2024,1549.889771,1584.596927,1547.547744,1580.635397,13140390
22-07-2024,1495.598999,1532.299389,1494.20371,1532.050235,19674376
23-07-2024,1482.867188,1500.656785,1458.051388,1495.922852,18052044
24-07-2024,1490.640747,1504.394117,1471.406102,1479.976988,11913362
25-07-2024,1487.351929,1495.399566,1472.078693,1475.990465,12519876
26-07-2024,1503.920776,1507.3093,1485.308896,1487.35201,9859940
29-07-2024,1514.958252,1522.333246,1506.66146,1506.835795,7538550
30-07-2024,1508.031738,1519.841631,1504.892369,1511.893631,8228208
31-07-2024,1500.332886,1505.340791,1496.072322,1498.912657,10057346
01-08-2024,1510.174561,1512.865379,1499.211768,1506.885674,10764222
02-08-2024,1494.253418,1504.219593,1488.223955,1499.909271,10268248
05-08-2024,1442.429321,1478.880678,1428.401979,1474.993846,17046704
06-08-2024,1451.125,1472.502397,1446.415885,1450.22802,10236186
07-08-2024,1459.870117,1467.519205,1456.556413,1464.031044,8174568
08-08-2024,1444.223389,1460.044692,1441.034261,1452.595,12387192
09-08-2024,1469.313232,1471.505742,1451.075083,1455.061553,6249776
12-08-2024,1455.684448,1468.01759,1452.819173,1465.027737,8184584
13-08-2024,1458.674316,1465.102451,1453.068343,1455.809041,6265064
14-08-2024,1456.905273,1467.020965,1448.782816,1458.599596,6267466
16-08-2024,1473.199951,1475.392583,1453.118206,1463.682327,9416902
19-08-2024,1488.400024,1498.300049,1480.5,1482.5,13797742
20-08-2024,1495.949951,1503.925049,1490.025024,1497.224976,8411808
21-08-2024,1498.675049,1507.875,1490,1493.25,7769996
22-08-2024,1498.125,1506.5,1490.650024,1503,10445782
23-08-2024,1499.974976,1511.324951,1498.425049,1503.75,9249654
26-08-2024,1512.599976,1523,1503,1506.974976,8816114
27-08-2024,1500.449951,1513.474976,1499.449951,1510.5,6251156
28-08-2024,1498.300049,1507.474976,1493,1505,9610286
29-08-2024,1520.925049,1537,1494,1503.099976,38335358
30-08-2024,1509.625,1539.724976,1503.324951,1534,41620730
02-09-2024,1516.25,1526.800049,1506.625,1510.875,11240852
03-09-2024,1509.125,1523,1507.5,1521.25,10923800
04-09-2024,1514.550049,1517.5,1499.5,1500.699951,11983304
05-09-2024,1492.974976,1525.775024,1487.050049,1519.050049,16264168
06-09-2024,1464.824951,1497,1461.625,1492.5,19394228
09-09-2024,1462.449951,1469.925049,1455.599976,1466.5,9010298
10-09-2024,1461.525024,1472.050049,1457.574951,1460.5,10768260
11-09-2024,1451.5,1468.75,1447.550049,1463.050049,9760202
12-09-2024,1479.800049,1486,1445.875,1457,22349376
13-09-2024,1472.625,1483.150024,1469.5,1476.400024,8711328
16-09-2024,1471.349976,1480.900024,1464.75,1477.550049,5481774
17-09-2024,1472.300049,1477.474976,1466.625,1474,5935328
18-09-2024,1463.449951,1482,1460.550049,1470,8574714
19-09-2024,1469.675049,1476.5,1455.550049,1466.25,16955902
20-09-2024,1485.925049,1495,1471.375,1474,30897320
23-09-2024,1493.375,1501.5,1488.949951,1491,8832314
24-09-2024,1489.375,1500.5,1487.875,1488.5,17137444
25-09-2024,1493.949951,1496.5,1480.199951,1483.900024,7069002
26-09-2024,1497.949951,1504,1488.050049,1490.650024,18818998
27-09-2024,1526.175049,1533.474976,1492,1499,20597478
30-09-2024,1476.574951,1524.974976,1474.400024,1519.400024,27008814
01-10-2024,1464.824951,1487.949951,1462.824951,1480.650024,16431642
03-10-2024,1406.974976,1449.400024,1402.074951,1436.574951,37757294
04-10-2024,1386.525024,1417.349976,1381.775024,1403.925049,37072876
07-10-2024,1370.724976,1396.5,1361.375,1393.5,22181340
08-10-2024,1397.349976,1401,1365.099976,1372.974976,17020808
09-10-2024,1374.599976,1400.974976,1372.5,1397.525024,14310610
10-10-2024,1371.050049,1386,1369.425049,1380.025024,22358646
11-10-2024,1372.099976,1383.275024,1368.824951,1370,7980122
14-10-2024,1372.525024,1380.074951,1368.25,1379.449951,12221432
15-10-2024,1344.025024,1371.699951,1340.699951,1358.525024,33762794
16-10-2024,1354.074951,1364,1337.625,1340,20034438
17-10-2024,1356.425049,1368.449951,1352.050049,1365.699951,15543660
18-10-2024,1359.300049,1368.425049,1341.324951,1352.175049,12082452
21-10-2024,1369.199951,1374,1357.724976,1367.125,14067408
22-10-2024,1343.349976,1376,1340.224976,1369.199951,15831960
23-10-2024,1338.525024,1357.474976,1335,1337.5,17214742
24-10-2024,1339.800049,1343.699951,1323.125,1335.275024,22155934
25-10-2024,1327.849976,1344.349976,1322,1343.5,18597496
28-10-2024,1334.349976,1353,1322.099976,1337,10824350
29-10-2024,1340,1343.199951,1320.300049,1328.099976,12008361
30-10-2024,1343.900024,1350,1325.349976,1335,11984423
31-10-2024,1332.050049,1343,1326.150024,1340,9331650
01-11-2024,1338.650024,1341.949951,1333,1333.050049,2127335
04-11-2024,1302.150024,1340,1285.099976,1337.849976,19796890
05-11-2024,1305.300049,1309.550049,1286.150024,1293,16267479
06-11-2024,1325.349976,1328.300049,1300.199951,1310,21625209
07-11-2024,1305.650024,1324,1302.599976,1324,9611974
08-11-2024,1283.75,1301.650024,1275,1297.650024,19814406
11-11-2024,1272.699951,1286,1267,1278.949951,9056552
12-11-2024,1274.25,1289.300049,1267.5,1275.550049,10671091
13-11-2024,1252.050049,1275.449951,1249.5,1270.25,14633633
14-11-2024,1267.599976,1272.599976,1251.099976,1253.599976,12612633
18-11-2024,1260.75,1272.900024,1243.900024,1267.599976,13620611
19-11-2024,1241.650024,1281.5,1235.150024,1260.75,14183746
21-11-2024,1223,1243.949951,1217.25,1241.650024,19433843
22-11-2024,1265.400024,1268.849976,1222.449951,1229.400024,20471957
25-11-2024,1287,1304.449951,1282.449951,1290,28923341
26-11-2024,1295.699951,1297.849976,1284.199951,1294.949951,9247557
27-11-2024,1293.199951,1303.849976,1286,1293.5,9572746
28-11-2024,1270.800049,1296.599976,1269.050049,1289.949951,15027412
29-11-2024,1292.199951,1299.5,1275.25,1280,13202307
02-12-2024,1309.150024,1311.349976,1277.050049,1288,11024152
03-12-2024,1323.300049,1326.800049,1307,1317,16869482
04-12-2024,1308.949951,1328.400024,1304.050049,1326,19608540
05-12-2024,1322.050049,1329.949951,1306.150024,1314.349976,16858723
06-12-2024,1311.550049,1323.900024,1310,1323.900024,9037514
09-12-2024,1295.150024,1315,1293.099976,1303,14650002
10-12-2024,1284.849976,1294.900024,1280.199951,1289.25,16043729
11-12-2024,1278.199951,1290,1276.050049,1285,11724373
12-12-2024,1262.900024,1278.199951,1260.599976,1270,20906813
13-12-2024,1272.849976,1275.199951,1239.599976,1260,28630222
16-12-2024,1268.300049,1281,1266.550049,1275,9486781
17-12-2024,1245.300049,1263.900024,1242.800049,1261.050049,17462791
18-12-2024,1253.25,1259.949951,1240.650024,1240.650024,12670179
19-12-2024,1230.449951,1244.900024,1229,1239,14244653
20-12-2024,1205.300049,1239.5,1201.5,1224,20312896
23-12-2024,1222.300049,1227.199951,1213.199951,1215,10052824
24-12-2024,1222.75,1233.550049,1221,1222.300049,6734917
26-12-2024,1216.550049,1227.699951,1214.25,1224.25,10016178
27-12-2024,1221.050049,1227.900024,1217,1218.300049,7000397
30-12-2024,1210.699951,1223.199951,1208.099976,1216.400024,8818766
