Date,Date_Unnamed: 0_level_1,Close_HDFCBANK.NS,High_HDFCBANK.NS,Low_HDFCBANK.NS,Open_HDFCBANK.NS,Volume_HDFCBANK.NS
2020-01-01,01-01-2020,1227.428589,1228.772582,1219.74876,1225.028642,1836849.0
2020-01-02,02-01-2020,1235.252441,1236.452415,1227.812607,1227.812607,3068583.0
2020-01-03,03-01-2020,1217.636841,1233.572462,1213.028897,1230.884475,5427775.0
2020-01-06,06-01-2020,1191.285522,1211.301172,1186.533675,1209.573164,5445093.0
2020-01-07,07-01-2020,1210.148926,1220.56467,1202.133128,1208.517009,7362247.0
2020-01-08,08-01-2020,1206.981079,1211.636952,1190.421449,1197.045207,5666055.0
2020-01-09,09-01-2020,1220.516846,1224.740775,1212.548976,1214.372959,4773158.0
2020-01-10,10-01-2020,1231.364502,1235.396482,1224.068688,1232.708495,4607290.0
2020-01-13,13-01-2020,1234.532471,1244.612246,1224.932685,1231.364494,3725784.0
2020-01-14,14-01-2020,1237.892212,1240.820193,1226.372471,1237.412223,3943145.0
2020-01-15,15-01-2020,1232.852539,1236.404413,1223.108733,1234.916517,5893724.0
2020-01-16,16-01-2020,1236.116333,1239.332238,1228.148465,1230.740477,3575200.0
2020-01-17,17-01-2020,1226.996704,1233.47656,1220.996838,1230.452604,8459407.0
2020-01-20,20-01-2020,1204.677124,1252.628006,1202.373152,1252.628006,11089225.0
2020-01-21,21-01-2020,1194.549316,1199.973219,1188.837491,1199.973219,7492402.0
2020-01-22,22-01-2020,1191.189331,1204.773051,1184.997516,1198.101247,9184155.0
2020-01-23,23-01-2020,1195.029297,1196.949254,1181.733617,1190.373424,5754460.0
2020-01-24,24-01-2020,1194.741211,1203.81296,1189.509258,1196.133133,5915878.0
2020-01-27,27-01-2020,1164.645996,1185.573577,1163.254074,1185.573577,9444276.0
2020-01-28,28-01-2020,1174.245728,1178.661723,1164.693988,1170.021916,6706079.0
2020-01-29,29-01-2020,1186.389526,1192.293418,1173.333841,1176.261822,6894175.0
2020-01-30,30-01-2020,1176.981934,1189.365565,1168.486028,1189.365565,6055992.0
2020-01-31,31-01-2020,1177.221802,1188.261556,1171.413884,1182.165598,5589134.0
2020-02-03,03-02-2020,1145.062622,1150.006419,1130.56685,1149.094486,6538505.0
2020-02-04,04-02-2020,1180.581543,1184.613406,1150.054181,1150.054181,10448852.0
2020-02-05,05-02-2020,1194.837402,1198.053307,1178.181797,1185.477611,9010341.0
2020-02-06,06-02-2020,1190.181641,1198.725357,1187.685602,1194.837514,5913775.0
2020-02-07,07-02-2020,1192.485352,1197.093296,1182.309602,1196.133317,3407724.0
2020-02-10,10-02-2020,1190.661499,1193.205349,1176.981804,1193.205349,4609917.0
2020-02-11,11-02-2020,1190.949341,1204.773055,1188.501466,1193.541353,5806760.0
2020-02-12,12-02-2020,1199.013184,1202.757123,1194.261337,1195.365218,3148965.0
2020-02-13,13-02-2020,1191.717529,1209.477134,1184.229649,1209.477134,4556070.0
2020-02-14,14-02-2020,1170.549805,1198.437228,1166.373921,1193.445269,7344429.0
2020-02-17,17-02-2020,1168.437988,1183.653626,1165.845976,1175.973797,5076345.0
2020-02-18,18-02-2020,1164.69397,1169.733857,1155.334179,1168.197915,5264558.0
2020-02-19,19-02-2020,1178.085693,1180.77368,1165.318048,1173.573841,5006134.0
2020-02-20,20-02-2020,1168.390015,1180.773763,1165.510079,1180.773763,5561707.0
2020-02-24,24-02-2020,1161.526001,1166.133945,1151.974261,1160.566022,8284042.0
2020-02-25,25-02-2020,1152.262329,1160.614096,1150.054332,1155.814203,6943340.0
2020-02-26,26-02-2020,1151.254272,1156.486109,1138.198588,1149.57431,6907393.0
2020-02-27,27-02-2020,1151.446289,1154.374271,1133.734731,1147.174431,10327549.0
2020-02-28,28-02-2020,1130.518799,1137.574618,1123.270914,1128.454821,12156528.0
2020-03-02,02-03-2020,1132.390625,1153.078209,1119.478961,1152.166159,7332449.0
2020-03-03,03-03-2020,1134.502808,1137.910661,1121.255055,1127.974906,11184775.0
2020-03-04,04-03-2020,1102.87146,1132.774819,1087.751796,1131.19083,17144435.0
2020-03-05,05-03-2020,1105.271362,1118.375094,1097.01557,1106.85535,9774854.0
2020-03-06,06-03-2020,1089.479614,1095.239485,1056.93632,1079.975804,11526783.0
2020-03-09,09-03-2020,1062.984375,1073.640114,1022.377232,1065.57627,17210295.0
2020-03-11,11-03-2020,1069.224121,1075.175941,1048.296543,1060.776263,17769120.0
2020-03-12,12-03-2020,980.4261475,1036.776904,963.2905526,1031.977011,29500385.0
2020-03-13,13-03-2020,1026.985107,1038.168764,882.4123015,940.8269733,33171182.0
2020-03-16,16-03-2020,959.4985962,995.4977931,955.1786926,993.577836,15993161.0
2020-03-17,17-03-2020,936.0751343,969.5784117,916.4916055,967.6584545,21338419.0
2020-03-18,18-03-2020,841.8052368,953.2587261,830.3814683,945.5788975,30590703.0
2020-03-19,19-03-2020,859.7088013,883.1323019,763.1829673,813.1018532,33610024.0
2020-03-20,20-03-2020,847.5171509,877.9964738,791.5504058,839.9813417,44318732.0
2020-03-23,23-03-2020,740.6715088,805.1820852,734.3836604,762.7990047,25138477.0
2020-03-24,24-03-2020,736.9755249,777.5826048,709.1841349,763.4229215,30528636.0
2020-03-25,25-03-2020,822.4616699,832.7334527,725.0238415,739.615528,23614021.0
2020-03-26,26-03-2020,865.0366821,900.1719336,807.3419924,835.2773459,28521578.0
2020-03-27,27-03-2020,868.2526245,949.0828314,837.1972828,907.1317564,27617968.0
2020-03-30,30-03-2020,798.366272,851.5010671,794.8623264,844.7812165,19634222.0
2020-03-31,31-03-2020,827.4056396,838.6373432,804.462126,819.6297773,17605546.0
2020-04-01,01-04-2020,796.446228,829.2774476,787.1824116,829.2774476,14551752.0
2020-04-03,03-04-2020,781.2784424,810.2218162,777.5825488,809.2618378,17498140.0
2020-04-07,07-04-2020,860.2368774,870.9886504,811.5179591,839.0213719,30206319.0
2020-04-08,08-04-2020,853.3250122,907.1797889,831.437453,844.7331919,28109676.0
2020-04-09,09-04-2020,888.0281982,893.6441082,854.3809598,876.4604678,22228573.0
2020-04-13,13-04-2020,859.5167847,908.8117191,850.733016,896.6199796,17079028.0
2020-04-15,15-04-2020,828.7495117,893.2600852,809.2619579,893.2600852,28989376.0
2020-04-16,16-04-2020,844.5411987,855.0529764,821.981701,830.381514,26927198.0
2020-04-17,17-04-2020,873.8685303,883.1803347,851.7410347,878.3804415,27941731.0
2020-04-20,20-04-2020,907.0357666,922.4914574,897.5800007,912.9396585,33116493.0
2020-04-21,21-04-2020,884.7642822,896.6199943,871.6605512,887.980187,16589003.0
2020-04-22,22-04-2020,891.4360352,895.6599641,870.9885043,882.364285,19144677.0
2020-04-23,23-04-2020,916.7315674,920.1394797,876.0284517,897.5799828,20450611.0
2020-04-24,24-04-2020,900.5079346,920.0435347,888.9402039,895.6600542,16642284.0
2020-04-27,27-04-2020,892.4920654,919.0834829,889.2281149,907.3237457,13710536.0
2020-04-28,28-04-2020,894.1240845,906.0277839,885.1002623,906.0277839,14720718.0
2020-04-29,29-04-2020,937.9950562,952.9707573,896.7159768,897.579981,27938889.0
2020-04-30,30-04-2020,961.7064819,978.2181244,952.3946785,961.3225257,21896567.0
2020-05-04,04-05-2020,886.0602417,921.5794497,880.7803594,919.1795032,13361162.0
2020-05-05,05-05-2020,874.9724731,906.2197637,871.7085226,900.4598923,14836429.0
2020-05-06,06-05-2020,908.5238037,911.9797034,869.4046743,882.2203657,16892923.0
2020-05-07,07-05-2020,887.9801636,905.5477594,884.4762184,902.8598312,10915865.0
2020-05-08,08-05-2020,891.868103,906.1718075,888.1722089,904.2998376,10403742.0
2020-05-11,11-05-2020,879.1483765,915.8195701,877.4204267,899.4999342,14275392.0
2020-05-12,12-05-2020,865.468689,873.0045561,836.2373291,864.9407125,24784209.0
2020-05-13,13-05-2020,890.5241699,921.5794541,885.1962418,912.9396467,22173483.0
2020-05-14,14-05-2020,857.9328613,874.5404789,854.3809289,862.0607575,19777445.0
2020-05-15,15-05-2020,852.6049805,856.6848893,839.981239,854.8609066,12174814.0
2020-05-18,18-05-2020,803.1660767,852.4609517,798.0301563,852.4609517,23324982.0
2020-05-19,19-05-2020,797.406311,832.5894944,793.0383612,826.3976202,23730346.0
2020-05-20,20-05-2020,822.7975464,829.4214215,798.894117,802.9740256,20007153.0
2020-05-21,21-05-2020,825.1495972,848.6210857,818.1897523,826.97358,24239454.0
2020-05-22,22-05-2020,805.2780151,835.4693534,799.710151,815.9817998,21023716.0
2020-05-26,26-05-2020,818.2857056,836.8612663,814.7817606,822.7015833,19002576.0
2020-05-27,27-05-2020,867.4846802,873.3885134,822.8456755,825.4856167,28012877.0
2020-05-28,28-05-2020,907.4197998,911.9796983,877.3724804,883.1803394,37744403.0
2020-05-29,29-05-2020,913.5636597,916.7795645,886.4922514,906.2197999,26512583.0
2020-06-01,01-06-2020,948.1229248,955.1787444,927.4353383,935.9791716,19595115.0
2020-06-02,02-06-2020,960.9385376,964.7784518,936.1711025,947.2108559,20811797.0
2020-06-03,03-06-2020,981.3380737,1004.377559,974.8102313,979.178122,25273044.0
2020-06-04,04-06-2020,961.6105347,997.3696774,951.4347268,986.9060049,27137941.0
2020-06-05,05-06-2020,991.9938965,1000.68175,962.666561,962.9545429,17597992.0
2020-06-08,08-06-2020,975.2423096,1023.961225,966.1225126,1017.577344,24906332.0
2020-06-09,09-06-2020,947.7868042,985.6579695,940.3469705,979.1781143,30922073.0
2020-06-10,10-06-2020,952.1547852,959.8346142,939.051112,950.3788481,18248865.0
2020-06-11,11-06-2020,929.8352051,948.8428273,926.3793057,945.5788768,15448857.0
2020-06-12,12-06-2020,943.4190063,947.1629465,890.8601759,890.8601759,21322438.0
2020-06-15,15-06-2020,911.8356323,935.0191385,905.2598025,929.259267,16004968.0
2020-06-16,16-06-2020,950.7628174,954.1707297,913.8996162,935.9791237,22699985.0
2020-06-17,17-06-2020,940.059021,958.9226235,934.2991495,949.4188121,18478919.0
2020-06-18,18-06-2020,979.130127,983.8820325,933.0991441,940.7789724,20435063.0
2020-06-19,19-06-2020,991.9938965,1001.257714,971.6423963,977.2102607,23938876.0
2020-06-22,22-06-2020,987.5780029,1004.089588,982.8260971,997.8497273,14847237.0
2020-06-23,23-06-2020,1000.585632,1003.177527,975.8661275,997.4176564,14415256.0
2020-06-24,24-06-2020,991.1779175,1015.177383,988.8260168,1006.537575,19714623.0
2020-06-25,25-06-2020,987.5780029,1007.01757,966.698468,981.0021728,35323395.0
2020-06-26,26-06-2020,1014.169312,1020.457218,986.8579681,999.3376895,19984569.0
2020-06-29,29-06-2020,1032.984985,1039.272775,995.4977754,995.4977754,23002978.0
2020-06-30,30-06-2020,1023.193176,1035.384975,1014.025451,1031.017025,17873065.0
2020-07-01,01-07-2020,1041.192627,1052.136405,1018.825199,1023.193031,17423359.0
2020-07-02,02-07-2020,1045.800781,1066.776292,1041.768801,1046.664785,18477248.0
2020-07-03,03-07-2020,1030.968994,1051.944621,1027.177125,1049.256634,13798627.0
2020-07-06,06-07-2020,1058.856323,1075.079984,1055.976388,1063.60817,17779108.0
2020-07-07,07-07-2020,1060.92041,1067.2082,1049.304692,1065.000319,12174925.0
2020-07-08,08-07-2020,1065.912231,1079.879967,1060.776369,1062.696327,15028175.0
2020-07-09,09-07-2020,1079.927979,1084.487877,1062.936403,1073.256174,10057242.0
2020-07-10,10-07-2020,1060.872192,1075.175895,1055.544382,1073.159964,8781489.0
2020-07-13,13-07-2020,1037.01709,1068.456395,1028.425327,1065.480484,14961057.0
2020-07-14,14-07-2020,1016.473328,1026.12116,1007.97754,1020.073247,13306337.0
2020-07-15,15-07-2020,1011.001526,1035.81695,1008.073544,1027.369091,10487197.0
2020-07-16,16-07-2020,1020.025269,1022.857158,992.7138081,1011.481436,11831228.0
2020-07-17,17-07-2020,1054.488403,1059.816331,1015.945358,1016.665342,14202869.0
2020-07-20,20-07-2020,1087.703735,1106.759286,1079.159903,1089.575647,32562048.0
2020-07-21,21-07-2020,1092.983765,1111.607257,1088.615815,1105.943477,23756211.0
2020-07-22,22-07-2020,1081.271851,1098.695485,1072.824109,1092.935614,12359006.0
2020-07-23,23-07-2020,1085.159912,1098.119624,1071.57619,1079.976004,10074561.0
2020-07-24,24-07-2020,1074.312012,1077.959977,1057.176417,1077.959977,9799220.0
2020-07-27,27-07-2020,1036.296875,1058.856372,1032.31294,1055.832416,18985047.0
2020-07-28,28-07-2020,1043.160767,1050.600601,1017.097324,1035.816907,17798225.0
2020-07-29,29-07-2020,1021.993164,1044.936675,1013.305428,1037.736836,16796043.0
2020-07-30,30-07-2020,1008.601563,1040.280857,1004.809577,1031.01704,13478133.0
2020-07-31,31-07-2020,991.4659424,1015.369316,979.2261567,1015.369316,18863348.0
2020-08-03,03-08-2020,961.8985596,985.8499788,953.2587521,984.8900002,15891771.0
2020-08-04,04-08-2020,999.961792,1018.585401,962.8585934,967.6584867,30153084.0
2020-08-05,05-08-2020,986.4260254,1013.54542,979.1781403,1006.009494,16610680.0
2020-08-06,06-08-2020,999.0496216,1012.777362,985.1779785,995.4977479,16823444.0
2020-08-07,07-08-2020,1002.073608,1005.289513,979.7541066,993.4338013,12418392.0
2020-08-10,10-08-2020,1008.601563,1021.417254,1002.025732,1002.217681,11086427.0
2020-08-11,11-08-2020,1023.961121,1028.137004,1006.537487,1006.537487,10068074.0
2020-08-12,12-08-2020,1021.129272,1023.33727,1006.057654,1022.377292,10333216.0
2020-08-13,13-08-2020,1016.665405,1028.473072,1014.217413,1025.209121,9946370.0
2020-08-14,14-08-2020,993.0498657,1023.241265,986.1861121,1023.241265,10462256.0
2020-08-17,17-08-2020,991.4178467,1005.097541,979.3701276,1005.097541,9780506.0
2020-08-18,18-08-2020,1014.217285,1019.161198,981.0980269,986.8578979,12020412.0
2020-08-19,19-08-2020,1023.913086,1026.985088,1013.977331,1022.377144,8857812.0
2020-08-20,20-08-2020,1016.617371,1026.169111,1009.89752,1012.72941,9608367.0
2020-08-21,21-08-2020,1042.200806,1045.224762,1021.993209,1022.761239,14462151.0
2020-08-24,24-08-2020,1072.344238,1078.008019,1042.200884,1042.536853,18389870.0
2020-08-25,25-08-2020,1074.887939,1081.89583,1061.928229,1074.216001,13800869.0
2020-08-26,26-08-2020,1073.687988,1086.45575,1065.096227,1076.135981,12595031.0
2020-08-27,27-08-2020,1067.592163,1084.679829,1061.976312,1080.74394,10322998.0
2020-08-28,28-08-2020,1069.896118,1079.975893,1051.176536,1067.448126,19348305.0
2020-08-31,31-08-2020,1071.192139,1102.823505,1056.648439,1084.295871,19250583.0
2020-09-01,01-09-2020,1082.18396,1097.831541,1063.656325,1082.855898,14438942.0
2020-09-02,02-09-2020,1088.759644,1093.415516,1075.847862,1079.111813,9880841.0
2020-09-03,03-09-2020,1085.639893,1100.087501,1082.855931,1091.735734,9916681.0
2020-09-04,04-09-2020,1074.504028,1080.359874,1060.200325,1065.576181,11830685.0
2020-09-07,07-09-2020,1066.056274,1074.696082,1055.01652,1071.624197,8807733.0
2020-09-08,08-09-2020,1067.928223,1074.024181,1058.856471,1069.416236,7312459.0
2020-09-09,09-09-2020,1052.616455,1065.576165,1047.576568,1056.936358,7864436.0
2020-09-10,10-09-2020,1046.904785,1060.63241,1040.616878,1058.856473,7594044.0
2020-09-11,11-09-2020,1035.480835,1060.632225,1028.136976,1052.568382,10397365.0
2020-09-14,14-09-2020,1015.609314,1050.216589,1010.233457,1044.456718,10825295.0
2020-09-15,15-09-2020,1027.656982,1033.080884,1015.753226,1025.257036,8252555.0
2020-09-16,16-09-2020,1049.880493,1052.136419,1025.592991,1027.368927,9355056.0
2020-09-17,17-09-2020,1040.232788,1050.216589,1034.856931,1040.616803,9159343.0
2020-09-18,18-09-2020,1014.985413,1048.488572,1005.289535,1048.296623,11740889.0
2020-09-21,21-09-2020,1007.305603,1028.473061,999.817723,1012.777434,9921439.0
2020-09-22,22-09-2020,993.961853,1015.801366,988.2979559,1011.865477,9310339.0
2020-09-23,23-09-2020,1005.337646,1012.777481,992.9538984,1004.137673,8039914.0
2020-09-24,24-09-2020,989.1619263,1005.097547,983.9780186,996.4577398,9904755.0
2020-09-25,25-09-2020,1002.217651,1009.849434,984.6020676,1007.977523,10160772.0
2020-09-28,28-09-2020,1012.009277,1016.617221,1000.921596,1006.96939,8076211.0
2020-09-29,29-09-2020,1020.025269,1027.081088,1008.937469,1015.657319,6322223.0
2020-09-30,30-09-2020,1035.432983,1043.400853,1009.897574,1017.577403,9406921.0
2020-10-01,01-10-2020,1062.648315,1065.576297,1046.472699,1046.472699,10601540.0
2020-10-05,05-10-2020,1069.752075,1086.69572,1066.53617,1067.496149,8470063.0
2020-10-06,06-10-2020,1098.311401,1102.055341,1081.127762,1089.623666,9685995.0
2020-10-07,07-10-2020,1115.735107,1118.231028,1092.071612,1099.079502,10624389.0
2020-10-08,08-10-2020,1144.102661,1154.854376,1116.791197,1132.774866,17530337.0
2020-10-09,09-10-2020,1184.181641,1187.49352,1143.958514,1152.934291,22486194.0
2020-10-12,12-10-2020,1165.078003,1193.013356,1157.350129,1182.261643,9610273.0
2020-10-13,13-10-2020,1150.486206,1173.52569,1147.174327,1164.837955,9176976.0
2020-10-14,14-10-2020,1163.014038,1165.702025,1128.45481,1147.702427,11291459.0
2020-10-15,15-10-2020,1122.454956,1168.293933,1117.415069,1165.605946,14123448.0
2020-10-16,16-10-2020,1151.350342,1155.334277,1126.054928,1132.774779,12911424.0
2020-10-19,19-10-2020,1155.382202,1185.57348,1144.870367,1185.57348,21179778.0
2020-10-20,20-10-2020,1174.96582,1178.277817,1157.638276,1159.174218,13705989.0
2020-10-21,21-10-2020,1196.805176,1200.93313,1172.805713,1181.349545,17820376.0
2020-10-22,22-10-2020,1183.94165,1199.973246,1174.053824,1190.325414,10956530.0
2020-10-23,23-10-2020,1186.341553,1198.485188,1181.925558,1193.733341,7933115.0
2020-10-26,26-10-2020,1162.438232,1192.293547,1156.39032,1180.581853,9785988.0
2020-10-27,27-10-2020,1183.749512,1186.533473,1149.910268,1176.933688,12158890.0
2020-10-28,28-10-2020,1161.190063,1182.693607,1153.41426,1178.853693,8285593.0
2020-10-29,29-10-2020,1139.686523,1156.246154,1131.334757,1152.55026,11530012.0
2020-10-30,30-10-2020,1136.182739,1151.302402,1129.270823,1135.222761,5761358.0
2020-11-02,02-11-2020,1166.614014,1175.973805,1130.374821,1146.550437,10963040.0
2020-11-03,03-11-2020,1198.005371,1200.693358,1176.453896,1177.365829,14082115.0
2020-11-04,04-11-2020,1207.077026,1214.180891,1180.773591,1201.893119,11702411.0
2020-11-05,05-11-2020,1218.404785,1224.932686,1202.229169,1215.332901,10716964.0
2020-11-06,06-11-2020,1255.316162,1257.572089,1214.853037,1215.573021,17852862.0
2020-11-09,09-11-2020,1286.899292,1292.083082,1262.563742,1262.563742,13144220.0
2020-11-10,10-11-2020,1337.874146,1339.170093,1297.459072,1302.690908,20758678.0
2020-11-11,11-11-2020,1334.322266,1358.177829,1315.650728,1343.874123,18058097.0
2020-11-12,12-11-2020,1316.802734,1332.978469,1305.57103,1322.274683,13526974.0
2020-11-13,13-11-2020,1304.418945,1314.018731,1293.091151,1314.018731,11236240.0
2020-11-14,14-11-2020,1314.88269,1319.922578,1310.562787,1313.058825,917533.0
2020-11-17,17-11-2020,1352.081787,1356.065722,1325.346407,1330.338366,15529950.0
2020-11-18,18-11-2020,1352.321655,1362.209481,1343.057957,1346.849825,9431388.0
2020-11-19,19-11-2020,1319.34668,1343.442121,1313.250838,1334.082329,10133441.0
2020-11-20,20-11-2020,1347.473877,1352.033775,1310.418729,1317.714543,10202681.0
2020-11-23,23-11-2020,1338.786133,1366.673558,1320.306545,1358.36972,12623318.0
2020-11-24,24-11-2020,1380.641113,1387.169014,1345.937982,1351.649808,20077200.0
2020-11-25,25-11-2020,1346.658081,1405.792742,1341.090158,1393.217045,12076301.0
2020-11-26,26-11-2020,1369.553345,1374.689206,1331.490174,1358.369572,13971563.0
2020-11-27,27-11-2020,1383.185181,1388.129094,1358.897792,1374.497444,8997290.0
2020-12-01,01-12-2020,1375.937256,1391.008872,1368.449377,1383.185023,8573787.0
2020-12-02,02-12-2020,1350.641846,1374.497408,1338.978199,1373.729378,8946075.0
2020-12-03,03-12-2020,1322.082642,1374.689522,1319.058802,1371.809586,18966611.0
2020-12-04,04-12-2020,1330.146484,1345.362124,1318.338816,1325.730606,13456161.0
2020-12-07,07-12-2020,1317.330688,1324.722477,1303.746967,1319.97063,12158159.0
2020-12-08,08-12-2020,1321.218506,1333.218238,1310.514722,1319.970487,9728948.0
2020-12-09,09-12-2020,1350.881714,1353.617746,1320.018498,1321.89041,11034537.0
2020-12-10,10-12-2020,1330.38623,1345.889907,1320.690471,1342.049993,9863983.0
2020-12-11,11-12-2020,1327.458496,1339.170189,1318.050659,1334.418341,10678192.0
2020-12-14,14-12-2020,1317.234619,1332.450256,1313.250685,1327.650363,8611025.0
2020-12-15,15-12-2020,1335.618286,1339.122114,1311.33078,1325.538511,10780718.0
2020-12-16,16-12-2020,1354.241699,1360.097662,1338.690094,1347.80989,8416046.0
2020-12-17,17-12-2020,1384.097168,1387.169053,1348.28992,1361.825595,10962239.0
2020-12-18,18-12-2020,1354.865723,1382.081092,1350.017901,1377.569239,11497959.0
2020-12-21,21-12-2020,1317.714478,1366.865329,1312.002535,1360.769489,11880912.0
2020-12-22,22-12-2020,1318.146606,1329.378426,1291.171231,1329.378426,11425779.0
2020-12-23,23-12-2020,1320.594604,1325.682421,1306.57894,1312.770755,7733697.0
2020-12-24,24-12-2020,1341.186035,1347.809911,1321.890489,1333.794247,7476094.0
2020-12-28,28-12-2020,1356.305786,1364.129635,1347.809999,1348.769977,5849597.0
2020-12-29,29-12-2020,1370.081421,1377.329306,1363.169622,1364.177646,7247673.0
2020-12-30,30-12-2020,1375.169312,1382.273176,1356.449729,1382.273176,8108363.0
2020-12-31,31-12-2020,1378.817383,1386.209172,1368.017623,1377.569364,11072875.0
2021-01-01,01-01-2021,1368.017578,1385.249147,1363.745603,1382.369212,4405469.0
2021-01-04,04-01-2021,1359.329712,1380.449241,1343.010076,1380.449241,7870096.0
2021-01-05,05-01-2021,1369.60144,1373.489401,1352.609866,1362.401601,7193412.0
2021-01-06,06-01-2021,1363.69751,1382.369045,1356.5456,1377.569152,11067025.0
2021-01-07,07-01-2021,1359.569702,1375.265329,1356.017828,1375.169355,9947421.0
2021-01-08,08-01-2021,1374.353394,1384.289149,1366.14553,1374.689363,6884382.0
2021-01-11,11-01-2021,1393.36084,1406.272622,1378.817258,1391.968918,8665696.0
2021-01-12,12-01-2021,1421.728271,1428.160081,1391.104931,1394.320836,10194078.0
2021-01-13,13-01-2021,1411.792603,1436.992042,1403.584738,1433.152127,8467325.0
2021-01-14,14-01-2021,1409.968628,1428.448217,1397.7289,1412.2726,6148583.0
2021-01-15,15-01-2021,1407.952637,1412.75253,1387.169077,1410.304537,7082618.0
2021-01-18,18-01-2021,1423.744263,1442.70384,1408.28863,1411.072592,21412816.0
2021-01-19,19-01-2021,1443.663818,1451.151698,1408.28863,1432.096146,8680127.0
2021-01-20,20-01-2021,1432.287964,1440.927771,1426.528093,1440.927771,6673026.0
2021-01-21,21-01-2021,1415.776489,1434.544001,1409.392608,1432.288074,13166527.0
2021-01-22,22-01-2021,1385.7771,1409.152554,1382.513149,1409.152554,7696182.0
2021-01-25,25-01-2021,1404.304688,1421.728323,1396.912899,1406.464639,10172359.0
2021-01-27,27-01-2021,1353.185913,1412.992631,1349.874034,1409.248691,11778138.0
2021-01-28,28-01-2021,1316.562622,1345.218077,1288.291299,1334.274298,21352223.0
2021-01-29,29-01-2021,1334.85022,1352.369829,1309.890777,1335.666178,14352251.0
2021-02-01,01-02-2021,1417.648438,1423.168315,1344.930057,1353.809859,13185272.0
2021-02-02,02-02-2021,1498.094604,1515.326173,1437.471934,1440.927834,21210103.0
2021-02-03,03-02-2021,1511.774414,1518.398173,1480.287068,1515.806277,10118627.0
2021-02-04,04-02-2021,1515.9021,1524.445932,1481.678841,1503.326404,12242342.0
2021-02-05,05-02-2021,1533.661743,1553.485324,1486.046829,1486.046829,13527358.0
2021-02-08,08-02-2021,1541.005737,1566.349197,1531.837894,1555.165422,8723790.0
2021-02-09,09-02-2021,1547.341553,1562.845231,1523.198066,1545.565616,9210683.0
2021-02-10,10-02-2021,1518.446045,1550.221311,1504.286362,1543.98145,9894003.0
2021-02-11,11-02-2021,1509.422241,1533.853765,1501.598393,1518.686058,6824309.0
2021-02-12,12-02-2021,1518.638184,1528.766005,1510.046422,1510.910426,4955053.0
2021-02-15,15-02-2021,1551.901367,1559.965211,1532.79777,1536.06172,5177622.0
2021-02-16,16-02-2021,1561.549194,1575.324864,1544.077514,1556.317241,6948679.0
2021-02-17,17-02-2021,1523.006104,1556.893396,1519.646178,1555.165388,6397213.0
2021-02-18,18-02-2021,1492.094849,1541.677652,1486.046936,1541.677652,7360280.0
2021-02-19,19-02-2021,1477.503052,1501.598491,1471.647206,1483.166949,8569754.0
2021-02-22,22-02-2021,1486.046753,1510.91022,1477.83889,1483.214863,14725919.0
2021-02-23,23-02-2021,1467.951294,1495.358613,1461.711433,1491.566744,9119953.0
2021-02-24,24-02-2021,1542.157593,1549.357432,1455.567569,1465.40735,7157166.0
2021-02-25,25-02-2021,1542.109619,1570.764956,1537.88569,1545.325524,10054785.0
2021-02-26,26-02-2021,1472.991089,1525.309919,1460.127353,1523.533982,13956423.0
2021-03-01,01-03-2021,1496.510742,1509.614474,1479.03906,1501.40661,6768009.0
2021-03-02,02-03-2021,1505.438477,1523.966111,1488.926891,1512.638316,8055019.0
2021-03-03,03-03-2021,1523.342041,1532.125869,1502.366532,1520.606125,5611205.0
2021-03-04,04-03-2021,1489.934814,1508.126362,1477.503021,1486.574889,8145719.0
2021-03-05,05-03-2021,1468.767334,1483.742977,1460.223501,1469.727313,8722911.0
2021-03-08,08-03-2021,1458.687378,1492.766616,1451.967528,1480.286895,7558525.0
2021-03-09,09-03-2021,1499.966553,1503.038437,1476.687072,1483.166927,7533348.0
2021-03-10,10-03-2021,1493.486572,1511.966159,1490.030673,1509.086223,5527508.0
2021-03-12,12-03-2021,1489.838745,1535.965764,1473.6152,1535.965764,7815602.0
2021-03-15,15-03-2021,1467.471313,1486.430891,1454.655623,1486.430891,6115193.0
2021-03-16,16-03-2021,1451.631714,1478.75111,1449.567736,1469.631313,6861183.0
2021-03-17,17-03-2021,1435.503906,1477.406994,1430.559993,1463.24731,10532214.0
2021-03-18,18-03-2021,1431.328003,1461.135383,1421.872238,1451.247558,9032770.0
2021-03-19,19-03-2021,1437.567871,1450.71953,1415.056421,1425.568139,10617510.0
2021-03-22,22-03-2021,1410.352661,1435.072111,1401.952848,1435.072111,7007816.0
2021-03-23,23-03-2021,1440.111938,1447.119712,1410.304556,1411.16856,9880714.0
2021-03-24,24-03-2021,1419.616333,1446.159646,1412.128453,1431.23205,8184450.0
2021-03-25,25-03-2021,1404.784546,1435.695925,1392.208851,1430.559946,11982178.0
2021-03-26,26-03-2021,1431.616089,1439.007877,1415.008413,1434.207984,6010629.0
2021-03-30,30-03-2021,1491.518799,1500.014704,1441.456005,1446.351873,12803822.0
2021-03-31,31-03-2021,1433.87207,1486.046884,1428.448168,1486.046884,15387253.0
2021-04-01,01-04-2021,1427.248169,1439.391922,1406.368635,1439.391922,17881881.0
2021-04-05,05-04-2021,1391.584839,1425.568102,1373.729262,1420.768209,8003293.0
2021-04-06,06-04-2021,1382.609131,1404.112674,1375.313317,1401.568708,7537867.0
2021-04-07,07-04-2021,1389.281006,1398.400803,1364.657648,1381.697269,12544090.0
2021-04-08,08-04-2021,1375.457397,1402.432773,1373.2494,1394.848918,8806796.0
2021-04-09,09-04-2021,1364.849609,1375.45742,1358.465728,1368.929519,14078908.0
2021-04-12,12-04-2021,1312.338745,1343.010013,1298.850999,1337.250142,11274564.0
2021-04-13,13-04-2021,1344.306152,1350.161999,1306.531014,1313.250865,9300341.0
2021-04-15,15-04-2021,1372.865234,1379.201069,1335.330098,1348.769797,17222492.0
2021-04-16,16-04-2021,1371.473389,1387.169015,1366.529476,1377.521183,7803263.0
2021-04-19,19-04-2021,1355.873657,1360.961473,1317.378543,1334.370115,12034621.0
2021-04-20,20-04-2021,1335.714233,1369.313484,1328.562323,1367.969491,11593135.0
2021-04-22,22-04-2021,1365.56958,1369.697535,1316.178727,1324.770489,19242656.0
2021-04-23,23-04-2021,1357.553711,1377.185226,1344.16194,1352.609798,11356764.0
2021-04-26,26-04-2021,1348.577881,1371.809314,1346.609878,1356.449658,15085476.0
2021-04-27,27-04-2021,1381.121216,1384.289192,1348.578034,1350.929935,10296453.0
2021-04-28,28-04-2021,1417.696411,1419.808317,1373.729345,1378.769233,12051970.0
2021-04-29,29-04-2021,1413.568359,1443.471713,1402.528606,1426.720018,12039276.0
2021-04-30,30-04-2021,1355.777832,1395.616944,1351.169888,1387.169086,17616451.0
2021-05-03,03-05-2021,1357.841675,1364.993586,1322.178564,1337.250181,11236850.0
2021-05-04,04-05-2021,1332.786255,1366.049537,1327.938433,1353.521769,10743164.0
2021-05-05,05-05-2021,1346.465942,1353.185792,1326.402366,1344.93,7210806.0
2021-05-06,06-05-2021,1344.834106,1354.337918,1339.170209,1351.265916,5738522.0
2021-05-07,07-05-2021,1358.129639,1367.921373,1353.809735,1356.40163,6024167.0
2021-05-10,10-05-2021,1363.025635,1372.769441,1356.257856,1369.889505,5530025.0
2021-05-11,11-05-2021,1347.378052,1367.201517,1339.218233,1340.130166,7259517.0
2021-05-12,12-05-2021,1343.490112,1352.225895,1333.266316,1343.730107,6887463.0
2021-05-14,14-05-2021,1331.346313,1342.914103,1327.02641,1338.546153,5302071.0
2021-05-17,17-05-2021,1382.609131,1384.865057,1326.018441,1339.314121,7560346.0
2021-05-18,18-05-2021,1417.60022,1423.408137,1396.768733,1400.560601,11082640.0
2021-05-19,19-05-2021,1399.840942,1419.664527,1394.417156,1411.360687,5065458.0
2021-05-20,20-05-2021,1375.457397,1407.232666,1371.329443,1399.984781,5342092.0
2021-05-21,21-05-2021,1437.375977,1441.791855,1385.249093,1385.249093,9670823.0
2021-05-24,24-05-2021,1449.519531,1459.599306,1438.527824,1443.087722,11073051.0
2021-05-25,25-05-2021,1419.760254,1453.167555,1411.648482,1450.047625,9618487.0
2021-05-26,26-05-2021,1417.936401,1427.488141,1411.168506,1420.768291,6141995.0
2021-05-27,27-05-2021,1423.312378,1429.408219,1403.920739,1414.144535,10219748.0
2021-05-28,28-05-2021,1443.279663,1452.447505,1419.56824,1431.232003,8875010.0
2021-05-31,31-05-2021,1455.183472,1458.687417,1427.968103,1439.967835,7830527.0
2021-06-01,01-06-2021,1451.199463,1465.887181,1446.927605,1459.455372,5515081.0
2021-06-02,02-06-2021,1443.807861,1449.759682,1433.248096,1449.567733,5312008.0
2021-06-03,03-06-2021,1459.695435,1463.919246,1428.208091,1447.647657,5143630.0
2021-06-04,04-06-2021,1440.879883,1459.791532,1439.19992,1455.327608,4712238.0
2021-06-07,07-06-2021,1439.823853,1453.407573,1436.127958,1449.567659,4045834.0
2021-06-08,08-06-2021,1423.696167,1441.215775,1422.208153,1436.655877,4936270.0
2021-06-09,09-06-2021,1421.056274,1441.887762,1413.136451,1424.512174,5111721.0
2021-06-10,10-06-2021,1421.776367,1429.40815,1414.672502,1422.784274,5741770.0
2021-06-11,11-06-2021,1426.864014,1436.655865,1421.776198,1431.327937,3602987.0
2021-06-14,14-06-2021,1420.240234,1426.528141,1404.01669,1419.088307,4440982.0
2021-06-15,15-06-2021,1430.608154,1436.128031,1415.776531,1426.528245,3784801.0
2021-06-16,16-06-2021,1425.184204,1434.208026,1418.944343,1428.448155,3851049.0
2021-06-17,17-06-2021,1407.424561,1419.568313,1401.568715,1407.328586,4641901.0
2021-06-18,18-06-2021,1420.576294,1430.368028,1396.768779,1410.688468,5969030.0
2021-06-21,21-06-2021,1429.119995,1432.096022,1400.60868,1402.864606,3630236.0
2021-06-22,22-06-2021,1424.41626,1447.647694,1420.768294,1437.08793,7183412.0
2021-06-23,23-06-2021,1426.048096,1437.855878,1419.42422,1430.367999,3922434.0
2021-06-24,24-06-2021,1445.967773,1452.879573,1428.448164,1430.368121,7392512.0
2021-06-25,25-06-2021,1454.463623,1461.087499,1446.687819,1450.623708,5191588.0
2021-06-28,28-06-2021,1447.983765,1462.047475,1444.76786,1459.167539,4678393.0
2021-06-29,29-06-2021,1448.176636,1454.105962,1438.631691,1452.949049,5485846.0
2021-06-30,30-06-2021,1444.175415,1454.877272,1440.511661,1444.271805,4839511.0
2021-07-01,01-07-2021,1433.425293,1448.128327,1429.809793,1448.128327,8455721.0
2021-07-02,02-07-2021,1427.303101,1435.835658,1424.025024,1431.738091,7413518.0
2021-07-05,05-07-2021,1441.813232,1450.538687,1431.304273,1436.510499,3686941.0
2021-07-06,06-07-2021,1479.655396,1484.765349,1442.343482,1443.307616,8834516.0
2021-07-07,07-07-2021,1484.283325,1489.923482,1472.906504,1478.980592,4814595.0
2021-07-08,08-07-2021,1465.916626,1482.547928,1459.167692,1470.30348,4210461.0
2021-07-09,09-07-2021,1448.128296,1461.626163,1443.789696,1458.29995,5347921.0
2021-07-12,12-07-2021,1433.666382,1448.128383,1430.773982,1448.128383,7229489.0
2021-07-13,13-07-2021,1447.983643,1452.081209,1430.870276,1442.439876,9089071.0
2021-07-14,14-07-2021,1445.380615,1453.286462,1437.619294,1443.789772,4894247.0
2021-07-15,15-07-2021,1466.157715,1471.990769,1445.862776,1451.020867,5219401.0
2021-07-16,16-07-2021,1467.748413,1475.075803,1464.32581,1473.147536,2585314.0
2021-07-19,19-07-2021,1418.240234,1435.449992,1413.419567,1433.666369,12555800.0
2021-07-20,20-07-2021,1391.38916,1401.849984,1384.640226,1390.280383,12087125.0
2021-07-22,22-07-2021,1396.73999,1415.829878,1393.172744,1403.874601,6603557.0
2021-07-23,23-07-2021,1391.00354,1405.176255,1383.820793,1399.439708,6563342.0
2021-07-26,26-07-2021,1383.097534,1392.208547,1376.878804,1378.71068,6583583.0
2021-07-27,27-07-2021,1388.110962,1397.896939,1384.591852,1384.591852,11200715.0
2021-07-28,28-07-2021,1366.466309,1387.098669,1353.643287,1383.579676,10335171.0
2021-07-29,29-07-2021,1367.38208,1378.662393,1362.609667,1377.023413,6851115.0
2021-07-30,30-07-2021,1375.287964,1380.397918,1357.451497,1368.105218,5827744.0
2021-08-02,02-08-2021,1371.62439,1383.531413,1365.453912,1383.531413,6629393.0
2021-08-03,03-08-2021,1383.242065,1388.255629,1359.428019,1359.428019,6016560.0
2021-08-04,04-08-2021,1412.744751,1421.614731,1388.352128,1389.316262,11026974.0
2021-08-05,05-08-2021,1431.593384,1452.997215,1405.12797,1414.480017,9411204.0
2021-08-06,06-08-2021,1439.11377,1446.200127,1421.132658,1430.340179,6669635.0
2021-08-09,09-08-2021,1449.960327,1453.28654,1423.06098,1438.487115,5499024.0
2021-08-10,10-08-2021,1453.575684,1465.241674,1435.594573,1435.594573,7419173.0
2021-08-11,11-08-2021,1441.331177,1464.373989,1437.571151,1460.565709,6292893.0
2021-08-12,12-08-2021,1447.549805,1453.527384,1435.883815,1443.307594,4298837.0
2021-08-13,13-08-2021,1471.460449,1476.088337,1447.164333,1447.357113,8329214.0
2021-08-16,16-08-2021,1475.702515,1479.944725,1466.880671,1471.412168,3126389.0
2021-08-17,17-08-2021,1460.324585,1469.339208,1451.309962,1462.783054,4141333.0
2021-08-18,18-08-2021,1458.733765,1509.206122,1454.250521,1500.866345,11492966.0
2021-08-20,20-08-2021,1460.421021,1465.289941,1432.75044,1432.75044,6575203.0
2021-08-23,23-08-2021,1469.917725,1478.161112,1454.539844,1474.979425,5421527.0
2021-08-24,24-08-2021,1502.939209,1508.386586,1472.665399,1475.123986,9190657.0
2021-08-25,25-08-2021,1501.54126,1508.67587,1492.478383,1496.431306,3863987.0
2021-08-26,26-08-2021,1499.034546,1514.653459,1488.091538,1494.406659,5559501.0
2021-08-27,27-08-2021,1492.912354,1502.746585,1489.827174,1496.335074,3191069.0
2021-08-30,30-08-2021,1512.002075,1513.689309,1495.949232,1499.805765,4524583.0
2021-08-31,31-08-2021,1524.680542,1526.560555,1506.169111,1507.422531,6031288.0
2021-09-01,01-09-2021,1522.462891,1540.685034,1518.027901,1518.509968,6211279.0
2021-09-02,02-09-2021,1532.007935,1534.900335,1514.894567,1517.642324,4809262.0
2021-09-03,03-09-2021,1519.522461,1540.685142,1512.050427,1529.211931,5367667.0
2021-09-06,06-09-2021,1509.543579,1524.246613,1505.928079,1523.28248,3938448.0
2021-09-07,07-09-2021,1512.966187,1525.258886,1499.420067,1506.458287,3622748.0
2021-09-08,08-09-2021,1519.859863,1523.812787,1509.447176,1515.569399,3362040.0
2021-09-09,09-09-2021,1512.339722,1522.800546,1505.012331,1517.546066,4125474.0
2021-09-13,13-09-2021,1499.757813,1527.187362,1497.925935,1505.976426,4479582.0
2021-09-14,14-09-2021,1493.008789,1508.386669,1491.128658,1504.048069,4879253.0
2021-09-15,15-09-2021,1491.321533,1499.0346,1479.944712,1479.944712,7411499.0
2021-09-16,16-09-2021,1503.999756,1508.19383,1481.198097,1482.596043,5130275.0
2021-09-17,17-09-2021,1525.403687,1532.007977,1503.276754,1512.725309,10249051.0
2021-09-20,20-09-2021,1503.90332,1524.96961,1502.119697,1507.904497,4390805.0
2021-09-21,21-09-2021,1496.286743,1512.387841,1474.111676,1505.976331,7387498.0
2021-09-22,22-09-2021,1478.691406,1494.551472,1475.12416,1493.442695,5291101.0
2021-09-23,23-09-2021,1513.689453,1515.61772,1486.693718,1486.693718,6832152.0
2021-09-24,24-09-2021,1544.10791,1550.27827,1518.510121,1522.366655,10403351.0
2021-09-27,27-09-2021,1566.81311,1576.840121,1550.326453,1557.750233,8207731.0
2021-09-28,28-09-2021,1557.123657,1573.465671,1525.259002,1573.465671,6386895.0
2021-09-29,29-09-2021,1536.683838,1548.976537,1528.295925,1539.720881,8131518.0
2021-09-30,30-09-2021,1537.744507,1548.735651,1526.31955,1529.11556,7987674.0
2021-10-01,01-10-2021,1525.933838,1532.007925,1509.109758,1526.223125,5564298.0
2021-10-04,04-10-2021,1528.874512,1543.914969,1526.801601,1532.007945,3525514.0
2021-10-05,05-10-2021,1538.226563,1540.203083,1519.715249,1534.900349,5128589.0
2021-10-06,06-10-2021,1556.979004,1568.500351,1530.079659,1538.75686,9300415.0
2021-10-07,07-10-2021,1552.736816,1569.319864,1549.36235,1568.25934,5632862.0
2021-10-08,08-10-2021,1545.168335,1563.824292,1542.758002,1554.182958,3622781.0
2021-10-11,11-10-2021,1575.201172,1585.999419,1541.649283,1542.517027,6540424.0
2021-10-12,12-10-2021,1571.151733,1582.673198,1566.716743,1566.716743,4088473.0
2021-10-13,13-10-2021,1580.600342,1588.891866,1571.537464,1578.286398,3112822.0
2021-10-14,14-10-2021,1626.878662,1629.385385,1579.25045,1579.25045,7378644.0
2021-10-18,18-10-2021,1610.39209,1663.130141,1607.258656,1643.847472,14428228.0
2021-10-19,19-10-2021,1628.131958,1631.747458,1611.066845,1615.357191,4493770.0
2021-10-20,20-10-2021,1613.814575,1637.821519,1604.751698,1628.517609,5454284.0
2021-10-21,21-10-2021,1616.176758,1621.624017,1601.280827,1611.838158,4869095.0
2021-10-22,22-10-2021,1620.467163,1646.739797,1610.825829,1619.840453,6087777.0
2021-10-25,25-10-2021,1597.56897,1629.38537,1555.918456,1629.38537,8213383.0
2021-10-26,26-10-2021,1593.471558,1613.81475,1587.30108,1590.820191,6045328.0
2021-10-27,27-10-2021,1583.878418,1605.330386,1578.575684,1593.471498,6624821.0
2021-10-28,28-10-2021,1536.442993,1590.820142,1530.22438,1590.820142,8898875.0
2021-10-29,29-10-2021,1526.078491,1544.541669,1504.048067,1532.972068,6203437.0
2021-11-01,01-11-2021,1547.723389,1553.218902,1526.753487,1528.151434,4061160.0
2021-11-02,02-11-2021,1549.121338,1563.824372,1542.661691,1548.398238,6618861.0
2021-11-03,03-11-2021,1524.72876,1552.158426,1519.040467,1547.530539,5103669.0
2021-11-04,04-11-2021,1536.780273,1540.540417,1533.068384,1537.792661,548404.0
2021-11-08,08-11-2021,1542.854492,1547.144839,1514.123269,1534.996781,9471790.0
2021-11-09,09-11-2021,1515.858765,1537.407123,1512.773585,1537.407123,6347738.0
2021-11-10,10-11-2021,1499.468506,1512.72534,1494.406805,1511.761207,6857063.0
2021-11-11,11-11-2021,1492.7677,1499.130957,1480.523136,1494.454934,3999702.0
2021-11-12,12-11-2021,1497.299194,1503.132249,1489.634381,1494.406794,7457046.0
2021-11-15,15-11-2021,1501.396729,1515.473053,1498.648972,1506.072752,4766797.0
2021-11-16,16-11-2021,1492.478394,1501.348373,1486.307917,1499.227327,4122703.0
2021-11-17,17-11-2021,1475.895264,1488.621776,1473.67771,1481.776453,3799439.0
2021-11-18,18-11-2021,1484.187012,1488.139935,1470.5445,1471.315854,4576437.0
2021-11-22,22-11-2021,1460.999512,1497.00987,1445.284208,1490.550224,7630636.0
2021-11-23,23-11-2021,1461.192383,1473.003017,1442.680951,1448.128329,5617607.0
2021-11-24,24-11-2021,1463.602783,1481.246354,1459.74625,1469.33933,15401143.0
2021-11-25,25-11-2021,1471.219238,1478.305713,1452.948958,1460.469246,5125826.0
2021-11-26,26-11-2021,1436.462402,1452.659773,1431.738125,1446.200126,9312468.0
2021-11-29,29-11-2021,1447.405151,1453.575628,1409.562918,1441.186539,6495498.0
2021-11-30,30-11-2021,1439.981445,1474.159926,1433.232512,1441.379392,12610771.0
2021-12-01,01-12-2021,1450.68335,1452.997293,1435.691028,1441.379439,4338817.0
2021-12-02,02-12-2021,1471.026611,1473.967265,1446.200175,1450.538776,5601555.0
2021-12-03,03-12-2021,1459.26416,1480.860654,1452.997293,1471.074794,4062347.0
2021-12-06,06-12-2021,1449.86377,1464.32577,1443.645039,1458.733749,3514766.0
2021-12-07,07-12-2021,1470.978149,1477.052236,1455.744914,1459.649583,6213767.0
2021-12-08,08-12-2021,1498.070435,1499.275601,1478.980547,1480.908814,7647767.0
2021-12-09,09-12-2021,1472.086914,1498.938003,1467.410891,1489.778737,5873872.0
2021-12-10,10-12-2021,1467.941284,1473.195764,1454.34691,1470.206974,3889692.0
2021-12-13,13-12-2021,1456.950317,1482.499854,1453.14192,1471.267676,5161071.0
2021-12-14,14-12-2021,1448.562134,1461.626188,1443.355908,1448.610388,4595550.0
2021-12-15,15-12-2021,1446.200073,1468.712564,1442.006117,1449.092473,5057574.0
2021-12-16,16-12-2021,1446.296387,1462.590264,1440.415197,1458.540951,6605216.0
2021-12-17,17-12-2021,1420.216675,1451.984822,1415.058467,1443.307621,7497384.0
2021-12-20,20-12-2021,1374.516846,1405.706539,1363.381058,1399.921738,10578334.0
2021-12-21,21-12-2021,1390.087524,1398.716471,1378.710704,1387.869971,4559375.0
2021-12-22,22-12-2021,1393.365601,1403.778289,1384.206333,1400.211042,4288742.0
2021-12-23,23-12-2021,1392.304932,1405.513629,1385.314965,1401.126775,4889583.0
2021-12-24,24-12-2021,1387.291504,1399.921627,1376.782427,1393.65476,2780512.0
2021-12-27,27-12-2021,1398.764771,1401.84995,1371.142325,1377.650226,2352549.0
2021-12-28,28-12-2021,1408.406128,1414.287318,1401.271517,1408.30962,2725339.0
2021-12-29,29-12-2021,1401.705322,1408.5989,1395.486709,1403.826486,3834351.0
2021-12-30,30-12-2021,1409.080933,1414.239023,1393.172732,1406.188532,3607959.0
2021-12-31,31-12-2021,1426.338867,1431.545211,1409.080857,1409.080857,3162868.0
2022-01-03,03-01-2022,1465.145264,1468.375087,1427.39942,1431.73802,4534592.0
2022-01-04,04-01-2022,1473.726074,1477.920031,1453.720307,1465.482687,4428676.0
2022-01-05,05-01-2022,1508.724121,1515.617698,1473.292219,1481.68025,7166319.0
2022-01-06,06-01-2022,1484.524292,1498.986292,1475.172246,1487.657725,4814465.0
2022-01-07,07-01-2022,1494.937012,1510.555925,1480.812435,1488.621891,5589692.0
2022-01-10,10-01-2022,1503.228516,1515.617605,1490.068072,1502.119739,4428248.0
2022-01-11,11-01-2022,1509.73645,1512.435953,1492.28566,1505.542494,4194599.0
2022-01-12,12-01-2022,1500.818237,1520.100905,1496.334994,1511.761128,10542765.0
2022-01-13,13-01-2022,1473.195801,1499.227402,1465.868411,1499.227402,20981948.0
2022-01-14,14-01-2022,1489.730835,1493.153438,1464.518722,1475.12419,5604484.0
2022-01-17,17-01-2022,1466.928833,1500.191432,1464.663143,1475.123966,11494686.0
2022-01-18,18-01-2022,1474.401001,1495.274513,1468.375167,1478.016501,6170576.0
2022-01-19,19-01-2022,1463.988281,1484.524369,1459.071225,1478.980602,7158813.0
2022-01-20,20-01-2022,1454.877319,1473.677921,1446.296508,1473.629667,7598923.0
2022-01-21,21-01-2022,1467.025391,1474.931355,1432.316587,1446.200132,5768847.0
2022-01-24,24-01-2022,1433.328857,1466.687848,1414.913934,1455.793094,5934254.0
2022-01-25,25-01-2022,1434.678711,1441.379391,1392.208589,1406.333166,6797124.0
2022-01-27,27-01-2022,1422.048462,1431.738049,1383.531381,1397.993381,14308919.0
2022-01-28,28-01-2022,1410.768188,1433.377069,1407.634755,1424.507089,12462604.0
2022-01-31,31-01-2022,1432.412964,1438.053238,1414.190937,1419.927483,6421273.0
2022-02-01,01-02-2022,1443.307739,1462.590408,1420.60235,1454.395274,7369742.0
2022-02-02,02-02-2022,1476.280884,1479.944637,1451.599094,1457.721317,6984645.0
2022-02-03,03-02-2022,1460.999512,1484.71717,1454.877288,1473.918923,5282381.0
2022-02-04,04-02-2022,1469.339233,1477.87179,1459.79429,1473.581444,5789979.0
2022-02-07,07-02-2022,1415.49231,1464.518464,1407.6346,1457.86592,6134021.0
2022-02-08,08-02-2022,1409.418457,1425.423049,1392.739019,1423.446646,6990565.0
2022-02-09,09-02-2022,1443.886108,1445.910765,1414.383651,1421.132584,5654171.0
2022-02-10,10-02-2022,1470.39978,1480.426791,1447.7909,1459.697923,7157265.0
2022-02-11,11-02-2022,1464.373901,1470.303345,1445.717945,1446.441045,5355552.0
2022-02-14,14-02-2022,1420.843384,1445.66982,1416.601291,1436.558806,7328310.0
2022-02-15,15-02-2022,1463.361694,1470.207018,1420.216725,1423.060872,6567533.0
2022-02-16,16-02-2022,1461.385132,1479.703666,1452.948965,1479.317989,5016132.0
2022-02-17,17-02-2022,1452.466797,1467.410863,1448.128197,1458.830053,3675604.0
2022-02-18,18-02-2022,1458.107056,1462.590299,1436.992512,1444.561053,3898064.0
2022-02-21,21-02-2022,1467.507446,1475.79897,1441.909775,1450.056655,3734033.0
2022-02-22,22-02-2022,1456.516235,1467.507379,1434.582201,1436.365942,4768098.0
2022-02-23,23-02-2022,1447.067871,1470.978309,1442.006171,1470.399853,4514781.0
2022-02-24,24-02-2022,1368.490845,1422.04838,1356.680212,1397.896911,11815383.0
2022-02-25,25-02-2022,1403.874634,1413.323188,1381.458532,1388.303856,9159327.0
2022-02-28,28-02-2022,1375.095215,1386.954102,1363.332835,1374.854182,12440416.0
2022-03-02,02-03-2022,1324.960327,1348.244172,1305.822303,1336.770961,19252780.0
2022-03-03,03-03-2022,1321.826904,1342.073706,1314.017447,1331.468238,8763961.0
2022-03-04,04-03-2022,1317.488403,1336.289006,1288.950076,1311.221536,10609682.0
2022-03-07,07-03-2022,1277.283936,1284.563072,1250.529235,1271.209848,13527229.0
2022-03-08,08-03-2022,1280.176392,1286.153972,1245.660368,1255.494482,19606246.0
2022-03-09,09-03-2022,1321.971558,1325.394161,1271.547333,1282.297444,11567347.0
2022-03-10,10-03-2022,1342.748535,1375.818358,1330.745121,1375.818358,11136603.0
2022-03-11,11-03-2022,1346.701538,1358.415664,1323.46583,1338.217117,7575390.0
2022-03-14,14-03-2022,1390.810547,1397.993293,1364.248627,1364.248627,12509063.0
2022-03-15,15-03-2022,1372.925903,1397.511304,1361.11527,1391.726504,9433964.0
2022-03-16,16-03-2022,1396.209717,1402.814007,1384.688253,1395.10094,6682054.0
2022-03-17,17-03-2022,1426.965698,1436.365999,1417.806431,1419.204377,7411977.0
2022-03-21,21-03-2022,1433.184204,1440.077781,1419.975624,1433.666271,6128938.0
2022-03-22,22-03-2022,1440.559937,1444.271827,1404.935137,1428.170846,5230907.0
2022-03-23,23-03-2022,1426.194214,1464.325734,1420.746837,1452.948914,15594128.0
2022-03-24,24-03-2022,1390.907104,1416.938707,1383.097647,1413.419596,10080022.0
2022-03-25,25-03-2022,1379.578491,1399.921682,1368.10528,1398.957549,8183231.0
2022-03-28,28-03-2022,1381.4104,1386.423847,1351.329367,1379.578523,7877443.0
2022-03-29,29-03-2022,1399.728882,1407.875762,1378.710727,1389.316194,6188724.0
2022-03-30,30-03-2022,1423.976685,1429.568705,1401.898125,1419.204272,10054871.0
2022-03-31,31-03-2022,1417.613525,1431.448816,1413.323179,1418.240236,7147857.0
2022-04-01,01-04-2022,1451.984863,1455.841397,1417.565349,1423.446539,7284278.0
2022-04-04,04-04-2022,1597.376343,1660.334186,1506.506765,1523.330847,48725485.0
2022-04-05,05-04-2022,1550.567505,1606.921054,1544.541671,1606.921054,15461291.0
2022-04-06,06-04-2022,1495.226196,1532.779261,1491.85173,1530.754487,13513930.0
2022-04-07,07-04-2022,1462.349243,1486.0669,1459.408589,1486.018764,20390866.0
2022-04-08,08-04-2022,1460.324585,1471.026441,1443.596895,1457.865998,20628161.0
2022-04-11,11-04-2022,1442.488159,1455.841383,1439.692149,1451.984849,10399533.0
2022-04-12,12-04-2022,1439.933228,1452.804385,1427.06207,1430.77396,13717701.0
2022-04-13,13-04-2022,1412.407227,1448.417704,1410.18979,1436.558816,14446260.0
2022-04-18,18-04-2022,1345.399902,1380.301602,1340.193676,1367.960647,22810188.0
2022-04-19,19-04-2022,1294.059814,1339.711626,1279.405034,1331.371848,37048011.0
2022-04-20,20-04-2022,1305.72583,1311.124953,1287.455433,1305.870356,24662868.0
2022-04-21,21-04-2022,1325.056763,1330.311361,1304.761825,1316.042139,26223135.0
2022-04-22,22-04-2022,1306.979126,1326.020759,1300.760513,1311.221336,10329574.0
2022-04-25,25-04-2022,1316.765137,1321.489414,1274.825336,1301.580036,10467744.0
2022-04-26,26-04-2022,1322.839233,1332.38406,1308.473623,1322.79098,8508421.0
2022-04-27,27-04-2022,1323.321289,1329.539902,1307.461225,1311.221368,9027167.0
2022-04-28,28-04-2022,1322.164307,1329.539951,1313.246073,1322.791017,10386861.0
2022-04-29,29-04-2022,1334.939209,1354.366522,1322.357338,1330.841642,14200738.0
2022-05-02,02-05-2022,1353.354126,1356.005493,1313.19806,1313.19806,9747158.0
2022-05-04,04-05-2022,1307.364868,1353.257594,1301.580068,1349.786737,14527958.0
2022-05-05,05-05-2022,1304.424194,1325.683382,1298.205581,1325.683382,8931456.0
2022-05-06,06-05-2022,1270.342041,1287.117984,1265.907051,1282.297318,13365634.0
2022-05-09,09-05-2022,1272.511353,1278.922863,1249.034729,1253.373329,16381217.0
2022-05-10,10-05-2022,1292.951172,1304.472519,1267.883703,1267.883703,10056906.0
2022-05-11,11-05-2022,1300.230225,1306.400702,1280.995811,1304.472435,8551462.0
2022-05-12,12-05-2022,1270.921265,1294.08567,1261.119016,1288.526142,11191145.0
2022-05-13,13-05-2022,1259.509644,1285.502568,1255.266924,1277.748636,8384119.0
2022-05-16,16-05-2022,1272.920532,1279.650425,1253.608806,1266.970962,4902178.0
2022-05-17,17-05-2022,1281.601196,1284.527226,1266.190723,1280.235692,8320722.0
2022-05-18,18-05-2022,1281.503662,1300.425347,1277.699799,1291.403421,7866192.0
2022-05-19,19-05-2022,1255.315796,1264.435233,1246.781541,1254.486659,10268753.0
2022-05-20,20-05-2022,1288.379761,1291.549627,1260.484965,1270.872395,6959675.0
2022-05-23,23-05-2022,1271.847778,1297.157892,1267.068572,1281.601212,9743160.0
2022-05-24,24-05-2022,1286.429077,1292.329952,1264.922827,1267.946368,6435398.0
2022-05-25,25-05-2022,1296.036255,1303.009864,1290.574237,1297.206619,6443556.0
2022-05-26,26-05-2022,1333.001709,1337.195733,1306.960089,1309.057101,13496214.0
2022-05-27,27-05-2022,1357.726807,1360.311371,1336.951945,1337.976103,12015859.0
2022-05-30,30-05-2022,1366.992554,1385.475263,1363.968894,1375.477993,6312337.0
2022-05-31,31-05-2022,1354.703125,1370.162413,1345.973849,1361.481833,6742694.0
2022-06-01,01-06-2022,1360.457642,1365.919541,1345.144799,1345.973817,6045948.0
2022-06-02,02-06-2022,1350.94812,1353.77664,1344.608388,1353.045132,5737510.0
2022-06-03,03-06-2022,1346.266479,1366.212203,1342.365106,1363.82266,3478622.0
2022-06-06,06-06-2022,1344.462036,1352.80127,1327.100995,1342.365143,3086633.0
2022-06-07,07-06-2022,1329.00293,1340.414519,1320.712511,1328.417747,5126983.0
2022-06-08,08-06-2022,1333.68457,1346.949217,1323.540975,1339.43912,2993294.0
2022-06-09,09-06-2022,1343.730469,1347.973308,1323.687235,1328.661462,3655908.0
2022-06-10,10-06-2022,1317.786377,1334.220889,1310.471302,1326.564467,4577715.0
2022-06-13,13-06-2022,1293.890503,1297.206694,1276.041791,1290.964473,5446286.0
2022-06-14,14-06-2022,1279.650513,1293.30532,1272.823109,1278.919005,5935178.0
2022-06-15,15-06-2022,1275.212646,1283.356859,1266.38586,1269.555726,5905235.0
2022-06-16,16-06-2022,1249.70752,1287.989747,1246.488839,1277.699827,6084596.0
2022-06-17,17-06-2022,1257.949097,1266.971023,1240.246591,1243.562782,7361961.0
2022-06-20,20-06-2022,1289.550293,1292.329998,1262.240678,1272.530479,7968420.0
2022-06-21,21-06-2022,1303.595215,1320.614909,1291.403423,1303.936561,6610342.0
2022-06-22,22-06-2022,1297.450562,1303.985315,1290.574343,1299.401248,4079849.0
2022-06-23,23-06-2022,1302.229736,1314.762875,1285.990245,1297.694366,7686122.0
2022-06-24,24-06-2022,1320.419922,1328.076344,1305.545935,1305.545935,4006716.0
2022-06-27,27-06-2022,1322.809448,1342.07248,1318.664239,1336.22042,4902082.0
2022-06-28,28-06-2022,1312.714722,1317.688949,1305.399646,1310.861545,4885287.0
2022-06-29,29-06-2022,1310.812622,1317.445004,1298.425809,1298.425809,4997023.0
2022-06-30,30-06-2022,1314.762939,1320.615,1303.058818,1303.058818,6237911.0
2022-07-01,01-07-2022,1320.371094,1326.46699,1297.255503,1310.812681,5736226.0
2022-07-04,04-07-2022,1322.224243,1326.661984,1309.154618,1320.322252,4243740.0
2022-07-05,05-07-2022,1319.249512,1345.339949,1315.055606,1330.368451,7162859.0
2022-07-06,06-07-2022,1337.439575,1339.536587,1313.885009,1314.762842,7524539.0
2022-07-07,07-07-2022,1361.384277,1363.529985,1340.560602,1345.973805,8871571.0
2022-07-08,08-07-2022,1362.652222,1375.234175,1360.360189,1375.234175,6237015.0
2022-07-11,11-07-2022,1371.479126,1375.136664,1358.897172,1359.62868,3731416.0
2022-07-12,12-07-2022,1357.483032,1370.601354,1355.142184,1370.601354,4938487.0
2022-07-13,13-07-2022,1324.369995,1359.823703,1320.858783,1355.727309,7972805.0
2022-07-14,14-07-2022,1317.737793,1338.805187,1315.982127,1328.417756,5186205.0
2022-07-15,15-07-2022,1328.466553,1331.246258,1313.592566,1319.639647,6797823.0
2022-07-18,18-07-2022,1314.324097,1332.416646,1308.959708,1314.762954,10166110.0
2022-07-19,19-07-2022,1314.811646,1325.052751,1304.034054,1304.034054,7896269.0
2022-07-20,20-07-2022,1331.392456,1337.293212,1321.834044,1326.369414,10173931.0
2022-07-21,21-07-2022,1327.198486,1335.732741,1324.613803,1327.003465,6320139.0
2022-07-22,22-07-2022,1358.165649,1362.554695,1328.807838,1332.31905,6364796.0
2022-07-25,25-07-2022,1362.164551,1369.967298,1349.192555,1360.604025,5071563.0
2022-07-26,26-07-2022,1359.384888,1367.431471,1352.118627,1361.57941,4263982.0
2022-07-27,27-07-2022,1369.772217,1371.332742,1350.119025,1354.654395,4606389.0
2022-07-28,28-07-2022,1381.915283,1388.889012,1376.209548,1380.159737,8710203.0
2022-07-29,29-07-2022,1398.837402,1403.128937,1380.403508,1402.543755,10009868.0
2022-08-01,01-08-2022,1410.49292,1412.736138,1394.789915,1403.519191,6596518.0
2022-08-02,02-08-2022,1394.984863,1408.981017,1387.962439,1406.445148,7518255.0
2022-08-03,03-08-2022,1398.252197,1400.349209,1382.061522,1389.815454,5487749.0
2022-08-04,04-08-2022,1396.594116,1411.029126,1378.111289,1404.494373,6006103.0
2022-08-05,05-08-2022,1391.863892,1401.519696,1386.109342,1397.667137,4634491.0
2022-08-08,08-08-2022,1426.000854,1428.390398,1391.912531,1392.790364,7678868.0
2022-08-10,10-08-2022,1430.145996,1435.217734,1413.321323,1425.317975,8676551.0
2022-08-11,11-08-2022,1449.067505,1454.236872,1438.192522,1449.847827,9150883.0
2022-08-12,12-08-2022,1448.531128,1452.578826,1439.557898,1448.384803,4425185.0
2022-08-16,16-08-2022,1465.112061,1471.305467,1451.359743,1457.943311,6281878.0
2022-08-17,17-08-2022,1472.671021,1475.450725,1449.116454,1463.015097,6192175.0
2022-08-18,18-08-2022,1474.426514,1476.572341,1462.673698,1463.015044,4171069.0
2022-08-19,19-08-2022,1456.236572,1474.719283,1453.261727,1472.768596,4031851.0
2022-08-22,22-08-2022,1434.096069,1451.65225,1431.511386,1448.189852,4117033.0
2022-08-23,23-08-2022,1429.658447,1439.558088,1414.638135,1417.466654,7483442.0
2022-08-24,24-08-2022,1436.534546,1439.11923,1423.221084,1425.854583,6727760.0
2022-08-25,25-08-2022,1428.731689,1450.140548,1421.075268,1443.410655,5911520.0
2022-08-26,26-08-2022,1428.975586,1445.263892,1425.171723,1435.754294,3853088.0
2022-08-29,29-08-2022,1403.909302,1410.346544,1393.375546,1401.568454,4326589.0
2022-08-30,30-08-2022,1449.457764,1453.212812,1407.517999,1410.785375,5067700.0
2022-09-01,01-09-2022,1435.851807,1452.725176,1423.026017,1428.634242,11201568.0
2022-09-02,02-09-2022,1448.872559,1453.749275,1429.073041,1435.851749,6019043.0
2022-09-05,05-09-2022,1458.187134,1462.039692,1447.507053,1449.457739,6065966.0
2022-09-06,06-09-2022,1452.627563,1469.501051,1449.799044,1461.94214,6119348.0
2022-09-07,07-09-2022,1445.751465,1453.261561,1435.022688,1435.022688,4888103.0
2022-09-08,08-09-2022,1460.674194,1463.015042,1445.605187,1453.359119,5582345.0
2022-09-09,09-09-2022,1461.649536,1471.793131,1457.211795,1459.308688,7564444.0
2022-09-12,12-09-2022,1456.724121,1466.916412,1453.261605,1463.015038,5540246.0
2022-09-13,13-09-2022,1475.791992,1478.523001,1461.600818,1461.942164,6500983.0
2022-09-14,14-09-2022,1490.958618,1500.955887,1455.553607,1457.211762,10109880.0
2022-09-15,15-09-2022,1483.204712,1502.955416,1474.719272,1492.275453,6769686.0
2022-09-16,16-09-2022,1455.943848,1477.352587,1446.43425,1466.038628,10280023.0
2022-09-19,19-09-2022,1465.551025,1476.669964,1443.508288,1452.286378,6038019.0
2022-09-20,20-09-2022,1483.204712,1486.423393,1472.671074,1476.669959,5390834.0
2022-09-21,21-09-2022,1480.912598,1483.984953,1467.891787,1470.817817,4536152.0
2022-09-22,22-09-2022,1449.360229,1472.914795,1446.190364,1464.965723,6024072.0
2022-09-23,23-09-2022,1410.49292,1438.631554,1401.568504,1436.04687,7903126.0
2022-09-26,26-09-2022,1391.473633,1401.031926,1383.036889,1390.205639,4461743.0
2022-09-27,27-09-2022,1378.989258,1404.494512,1372.308179,1397.081926,6319850.0
2022-09-28,28-09-2022,1355.288452,1375.819359,1351.728425,1371.332803,5908066.0
2022-09-29,29-09-2022,1348.265869,1367.626411,1344.803472,1361.87198,7205194.0
2022-09-30,30-09-2022,1386.304321,1396.155266,1331.343744,1344.803531,7890878.0
2022-10-03,03-10-2022,1378.355225,1382.890595,1366.553593,1375.185359,5770556.0
2022-10-04,04-10-2022,1417.17395,1422.050667,1390.986004,1394.25338,5769263.0
2022-10-06,06-10-2022,1401.568481,1426.537249,1398.837472,1423.952565,6274599.0
2022-10-07,07-10-2022,1395.52124,1399.56882,1385.328831,1394.984754,6648997.0
2022-10-10,10-10-2022,1380.11084,1390.839617,1363.725024,1373.283436,6554651.0
2022-10-11,11-10-2022,1366.114746,1382.061587,1364.944263,1366.553603,7260810.0
2022-10-12,12-10-2022,1375.039185,1379.964597,1362.847392,1368.601823,4612525.0
2022-10-13,13-10-2022,1359.238525,1371.576643,1349.875253,1367.480248,7357117.0
2022-10-14,14-10-2022,1403.519165,1411.321912,1380.354759,1382.06161,6424960.0
2022-10-17,17-10-2022,1410.883057,1421.66053,1391.815045,1399.617793,9205250.0
2022-10-18,18-10-2022,1408.249512,1426.829851,1404.494464,1422.099459,5280554.0
2022-10-19,19-10-2022,1422.684692,1440.972381,1417.564139,1427.902756,6483520.0
2022-10-20,20-10-2022,1413.077637,1417.076521,1406.932925,1408.395941,3949039.0
2022-10-21,21-10-2022,1403.128906,1421.709245,1398.642351,1416.198531,5246303.0
2022-10-24,24-10-2022,1425.025513,1426.927385,1418.441945,1418.441945,1083897.0
2022-10-25,25-10-2022,1415.125732,1431.609059,1409.371183,1425.074187,6886697.0
2022-10-27,27-10-2022,1418.539429,1431.170078,1415.467073,1428.390373,7968638.0
2022-10-28,28-10-2022,1422.733276,1430.828674,1411.711968,1414.247837,5237139.0
2022-10-31,31-10-2022,1459.796387,1461.064381,1431.072572,1435.705453,6415264.0
2022-11-01,01-11-2022,1475.938477,1491.300136,1461.942322,1466.428878,9536878.0
2022-11-02,02-11-2022,1476.864868,1490.56849,1474.328999,1479.595877,6360203.0
2022-11-03,03-11-2022,1470.378906,1482.765719,1460.088986,1460.771679,5166176.0
2022-11-04,04-11-2022,1460.235352,1478.718061,1452.871461,1466.136108,5409030.0
2022-11-07,07-11-2022,1471.598145,1474.719196,1455.309839,1472.768509,4917917.0
2022-11-09,09-11-2022,1471.15918,1480.522452,1466.91646,1477.694052,4634895.0
2022-11-10,10-11-2022,1487.154785,1489.349308,1458.187135,1460.186517,6387091.0
2022-11-11,11-11-2022,1571.424561,1596.637164,1500.078166,1506.90557,28361169.0
2022-11-14,14-11-2022,1575.228271,1587.85892,1558.59862,1572.253427,9597695.0
2022-11-15,15-11-2022,1579.080933,1583.128631,1565.669961,1583.128631,5515101.0
2022-11-16,16-11-2022,1592.638184,1601.513784,1572.253484,1578.739541,6789075.0
2022-11-17,17-11-2022,1578.251831,1591.321455,1574.106622,1578.203016,6050465.0
2022-11-18,18-11-2022,1574.106689,1582.98229,1565.669945,1581.031604,5229616.0
2022-11-21,21-11-2022,1557.964722,1572.253526,1550.990993,1568.010806,4172408.0
2022-11-22,22-11-2022,1555.672729,1564.792167,1551.771356,1560.549447,4273157.0
2022-11-23,23-11-2022,1559.720337,1565.426072,1554.697295,1565.426072,5092869.0
2022-11-24,24-11-2022,1585.079224,1591.760302,1559.720297,1566.35256,8598980.0
2022-11-25,25-11-2022,1577.764282,1591.467786,1574.301766,1589.517099,4205248.0
2022-11-28,28-11-2022,1560.793213,1567.815637,1554.746132,1563.377897,8052990.0
2022-11-29,29-11-2022,1558.452393,1572.594872,1553.575676,1557.86721,6319118.0
2022-11-30,30-11-2022,1568.791016,1573.131365,1557.720892,1557.720892,7592403.0
2022-12-01,01-12-2022,1579.568604,1596.637113,1575.179558,1582.006962,10223183.0
2022-12-02,02-12-2022,1567.474365,1578.690814,1565.572493,1570.302885,3905539.0
2022-12-05,05-12-2022,1573.180054,1574.789394,1556.843052,1570.254024,5796311.0
2022-12-06,06-12-2022,1571.424561,1573.911615,1560.549458,1561.524801,6176546.0
2022-12-07,07-12-2022,1570.741699,1578.690772,1564.889639,1574.350541,5837360.0
2022-12-08,08-12-2022,1579.568604,1585.908335,1565.426125,1570.302841,7401817.0
2022-12-09,09-12-2022,1590.833862,1594.540096,1580.05627,1585.908331,5981692.0
2022-12-12,12-12-2022,1603.220703,1612.827812,1581.421802,1584.933014,7217404.0
2022-12-13,13-12-2022,1607.658569,1616.144009,1604.439889,1609.316605,8515851.0
2022-12-14,14-12-2022,1621.264526,1624.434392,1609.31657,1612.2426,7113820.0
2022-12-15,15-12-2022,1591.56543,1628.238318,1586.932548,1616.192851,9091324.0
2022-12-16,16-12-2022,1599.22168,1604.537253,1569.327383,1580.104975,7323979.0
2022-12-19,19-12-2022,1604.196045,1606.049221,1586.103377,1603.464537,4802271.0
2022-12-20,20-12-2022,1593.125854,1596.051885,1580.251251,1580.251251,3587349.0
2022-12-21,21-12-2022,1577.715454,1604.244866,1566.937981,1600.538513,4634599.0
2022-12-22,22-12-2022,1572.302368,1587.371376,1569.327523,1582.202008,4873548.0
2022-12-23,23-12-2022,1558.257324,1564.597056,1546.358064,1547.869894,5346576.0
2022-12-26,26-12-2022,1589.273193,1598.58777,1550.795945,1560.061707,4953661.0
2022-12-27,27-12-2022,1590.882568,1595.61296,1573.716549,1592.735745,3963386.0
2022-12-28,28-12-2022,1589.614624,1592.735675,1583.079752,1583.079752,4345935.0
2022-12-29,29-12-2022,1600.831055,1602.976762,1571.278104,1580.153705,5506448.0
2022-12-30,30-12-2022,1588.005371,1604.439883,1580.056299,1604.439883,3561320.0
2023-01-02,02-01-2023,1588.541748,1599.31934,1578.642108,1586.883712,2190689.0
2023-01-03,03-01-2023,1598.929077,1602.489104,1582.201915,1582.201915,4189015.0
2023-01-04,04-01-2023,1570.351685,1605.171396,1567.37684,1594.686455,5175800.0
2023-01-05,05-01-2023,1560.256714,1578.15436,1550.210749,1575.179515,5470718.0
2023-01-06,06-01-2023,1555.087524,1569.425025,1539.28689,1562.50011,4546231.0
2023-01-09,09-01-2023,1558.110962,1571.814583,1550.795887,1556.647947,5364670.0
2023-01-10,10-01-2023,1529.630981,1560.549317,1526.412301,1560.549317,8185883.0
2023-01-11,11-01-2023,1551.673706,1558.59862,1521.535574,1529.289506,7597899.0
2023-01-12,12-01-2023,1559.964233,1564.353279,1545.090247,1548.650274,4625035.0
2023-01-13,13-01-2023,1561.183472,1570.205398,1546.894667,1559.330295,4622273.0
2023-01-16,16-01-2023,1546.211914,1581.324276,1541.335197,1575.179565,7374047.0
2023-01-17,17-01-2023,1569.22998,1571.278178,1538.604175,1550.600946,5393177.0
2023-01-18,18-01-2023,1596.92981,1601.123715,1560.256802,1565.42617,9545321.0
2023-01-19,19-01-2023,1603.562012,1609.316561,1592.735724,1596.637098,5586081.0
2023-01-20,20-01-2023,1619.99646,1627.848021,1602.879256,1603.561949,9421702.0
2023-01-23,23-01-2023,1631.847046,1641.112808,1620.435576,1625.165967,7722200.0
2023-01-24,24-01-2023,1653.694702,1660.424595,1633.700163,1633.748978,12491970.0
2023-01-25,25-01-2023,1607.999878,1651.207518,1604.732501,1649.695807,7352071.0
2023-01-27,27-01-2023,1575.959961,1596.637194,1550.747238,1591.760477,17589974.0
2023-01-30,30-01-2023,1574.350586,1585.225689,1542.993272,1555.672736,9256411.0
2023-01-31,31-01-2023,1563.963135,1582.68968,1555.672716,1579.76365,9298122.0
2023-02-01,01-02-2023,1587.420166,1623.946728,1566.401469,1583.957649,8651395.0
2023-02-02,02-02-2023,1563.816772,1584.445309,1549.576783,1568.449653,8748553.0
2023-02-03,03-02-2023,1617.899658,1619.557694,1567.376823,1571.278197,7205550.0
2023-02-06,06-02-2023,1611.023438,1628.238272,1605.610234,1619.07002,5583836.0
2023-02-07,07-02-2023,1613.412964,1623.849209,1592.345571,1618.484821,5132294.0
2023-02-08,08-02-2023,1613.218018,1627.067847,1609.316644,1613.461853,4222413.0
2023-02-09,09-02-2023,1609.853027,1620.679315,1595.222877,1619.069974,5888668.0
2023-02-10,10-02-2023,1616.241577,1617.607082,1601.708936,1608.146298,4086058.0
2023-02-13,13-02-2023,1617.460693,1620.776885,1604.001026,1614.193317,2868472.0
2023-02-14,14-02-2023,1632.432129,1636.138481,1617.070471,1623.946689,5454296.0
2023-02-15,15-02-2023,1629.116089,1636.626185,1615.900138,1636.626185,5719356.0
2023-02-16,16-02-2023,1623.21521,1640.430044,1620.045344,1631.944486,4031250.0
2023-02-17,17-02-2023,1615.071045,1627.019001,1602.440277,1620.045272,4478135.0
2023-02-20,20-02-2023,1599.904419,1628.286886,1594.491335,1619.069939,4043353.0
2023-02-21,21-02-2023,1605.902832,1621.362,1593.71104,1599.5631,6194648.0
2023-02-22,22-02-2023,1574.39917,1601.464948,1569.376247,1598.587732,5179551.0
2023-02-23,23-02-2023,1563.719238,1578.934571,1552.844136,1573.228836,13941005.0
2023-02-24,24-02-2023,1549.771851,1578.008114,1546.114313,1578.008114,8530870.0
2023-02-27,27-02-2023,1553.624512,1559.574083,1538.409179,1546.797108,7156486.0
2023-02-28,28-02-2023,1560.15918,1565.718708,1549.527913,1552.746594,9496996.0
2023-03-01,01-03-2023,1558.647461,1573.228796,1556.404124,1572.253453,7068628.0
2023-03-02,02-03-2023,1545.38269,1566.352572,1542.993147,1554.697267,8695907.0
2023-03-03,03-03-2023,1576.057373,1580.056257,1548.845269,1556.648016,7493117.0
2023-03-06,06-03-2023,1587.176392,1599.026719,1578.154465,1580.056337,13502355.0
2023-03-08,08-03-2023,1590.346191,1599.075467,1580.056271,1580.056271,10049887.0
2023-03-09,09-03-2023,1590.492432,1605.366418,1586.883709,1589.760924,10350083.0
2023-03-10,10-03-2023,1549.479248,1573.960342,1545.919221,1570.741662,13693500.0
2023-03-13,13-03-2023,1529.874878,1564.255731,1526.363547,1548.747748,13221775.0
2023-03-14,14-03-2023,1525.77832,1544.553679,1520.852908,1531.53287,16592806.0
2023-03-15,15-03-2023,1503.88208,1543.871161,1498.712712,1539.091955,18632377.0
2023-03-16,16-03-2023,1513.635498,1520.657923,1494.274955,1501.053544,10876671.0
2023-03-17,17-03-2023,1533.873779,1540.262207,1502.028794,1519.097303,11475438.0
2023-03-20,20-03-2023,1523.242554,1529.43596,1507.295713,1529.289635,13251557.0
2023-03-21,21-03-2023,1540.506104,1543.480949,1517.829369,1533.191028,16525247.0
2023-03-22,22-03-2023,1536.946167,1546.943437,1526.705061,1544.943935,7088662.0
2023-03-23,23-03-2023,1524.608032,1551.137325,1520.121476,1529.094588,14182089.0
2023-03-24,24-03-2023,1522.169678,1535.092978,1516.610149,1521.535681,15738874.0
2023-03-27,27-03-2023,1528.80188,1540.506,1520.462766,1523.681327,15936003.0
2023-03-28,28-03-2023,1541.237549,1543.871047,1525.534544,1527.09507,19638151.0
2023-03-29,29-03-2023,1548.650269,1562.500097,1542.895719,1544.943916,19881806.0
2023-03-31,31-03-2023,1569.864014,1573.180086,1553.136851,1556.257902,17355614.0
2023-04-03,03-04-2023,1570.839233,1575.862156,1563.231508,1567.913203,20012699.0
2023-04-05,05-04-2023,1612.974121,1615.168644,1576.154908,1578.690777,21682696.0
2023-04-06,06-04-2023,1625.263428,1628.043133,1606.488068,1607.902387,22318672.0
2023-04-10,10-04-2023,1617.558105,1629.798712,1613.217875,1622.239801,15906643.0
2023-04-11,11-04-2023,1622.288696,1628.238267,1610.389436,1618.094672,21180771.0
2023-04-12,12-04-2023,1643.356079,1646.574641,1626.677731,1626.872752,13477752.0
2023-04-13,13-04-2023,1650.719849,1655.206523,1636.77251,1646.672269,17665043.0
2023-04-17,17-04-2023,1625.556152,1677.590701,1612.535341,1677.590701,16202574.0
2023-04-18,18-04-2023,1618.679932,1635.894767,1615.55888,1628.823527,14818613.0
2023-04-19,19-04-2023,1624.629395,1629.116069,1616.29028,1623.946702,12370584.0
2023-04-20,20-04-2023,1630.676636,1636.08972,1625.312247,1630.481496,16461358.0
2023-04-21,21-04-2023,1633.309937,1635.60197,1622.239813,1627.848038,10064309.0
2023-04-24,24-04-2023,1646.526001,1649.744563,1632.822378,1645.404332,17837926.0
2023-04-25,25-04-2023,1623.117676,1646.08694,1620.923153,1646.08694,25176534.0
2023-04-26,26-04-2023,1630.579102,1633.700153,1614.193285,1619.070002,13696375.0
2023-04-27,27-04-2023,1639.552246,1643.697456,1624.77577,1629.31114,23895196.0
2023-04-28,28-04-2023,1645.989502,1649.305693,1628.823482,1643.160982,13958136.0
2023-05-02,02-05-2023,1645.648071,1657.108356,1640.527519,1647.062272,16110592.0
2023-05-03,03-05-2023,1651.402588,1654.182293,1638.235453,1643.404701,14703635.0
2023-05-04,04-05-2023,1685.198364,1691.684303,1645.501817,1645.501817,28427319.0
2023-05-05,05-05-2023,1585.567017,1619.996567,1582.1045,1598.587827,31385208.0
2023-05-08,08-05-2023,1603.903442,1609.657992,1589.809778,1594.686495,18622262.0
2023-05-09,09-05-2023,1603.952148,1615.168597,1599.514289,1609.219026,21844469.0
2023-05-10,10-05-2023,1611.364746,1613.851919,1592.833222,1603.95216,23170275.0
2023-05-11,11-05-2023,1612.437622,1646.379619,1608.585063,1624.093047,17867309.0
2023-05-12,12-05-2023,1626.677734,1631.554451,1603.70835,1606.390544,11239380.0
2023-05-15,15-05-2023,1634.480469,1639.308371,1624.044223,1630.774116,9256130.0
2023-05-16,16-05-2023,1625.108521,1649.27847,1621.852928,1649.27847,16361043.0
2023-05-17,17-05-2023,1616.377563,1627.772016,1603.454064,1627.772016,15233434.0
2023-05-18,18-05-2023,1622.839355,1631.668737,1617.906713,1625.798941,24823471.0
2023-05-19,19-05-2023,1624.713867,1627.772082,1609.570678,1625.799024,15230166.0
2023-05-22,22-05-2023,1618.942627,1630.632965,1610.705018,1622.839366,14167016.0
2023-05-23,23-05-2023,1615.144409,1627.377387,1611.444927,1626.785494,11235037.0
2023-05-24,24-05-2023,1594.032837,1612.727504,1591.862402,1605.624547,16794056.0
2023-05-25,25-05-2023,1587.91626,1598.225555,1575.831286,1593.93406,14888465.0
2023-05-26,26-05-2023,1594.032837,1597.18968,1580.665327,1597.18968,13317533.0
2023-05-29,29-05-2023,1613.467407,1618.893314,1602.960854,1606.561708,10908146.0
2023-05-30,30-05-2023,1614.700562,1620.521104,1606.611076,1611.592973,18562964.0
2023-05-31,31-05-2023,1589.149414,1612.924727,1583.032986,1607.94283,21667135.0
2023-06-01,01-06-2023,1582.391724,1598.077551,1578.44561,1598.077551,25183469.0
2023-06-02,02-06-2023,1584.858032,1593.046267,1579.432125,1590.727829,8929855.0
2023-06-05,05-06-2023,1582.786377,1594.723348,1580.862574,1592.750291,9348621.0
2023-06-06,06-06-2023,1577.85376,1588.162935,1570.800057,1585.99262,16091426.0
2023-06-07,07-06-2023,1586.04187,1590.82663,1574.499534,1581.849124,12474513.0
2023-06-08,08-06-2023,1587.02832,1604.095311,1581.651788,1581.651788,18697761.0
2023-06-09,09-06-2023,1588.902832,1596.696432,1585.351353,1594.131481,9106289.0
2023-06-12,12-06-2023,1579.234863,1594.032791,1577.902953,1590.826573,6704146.0
2023-06-13,13-06-2023,1581.898438,1587.324344,1568.678932,1568.678932,13963054.0
2023-06-14,14-06-2023,1580.171997,1590.283914,1578.64283,1588.754747,10056984.0
2023-06-15,15-06-2023,1560.737427,1584.315361,1557.728467,1582.391679,17688738.0
2023-06-16,16-06-2023,1581.158569,1587.52163,1562.66116,1565.768749,7889636.0
2023-06-19,19-06-2023,1582.539795,1592.503709,1576.817881,1589.297491,12414573.0
2023-06-20,20-06-2023,1585.844604,1589.297454,1569.221623,1582.539758,10002813.0
2023-06-21,21-06-2023,1613.56604,1615.193836,1589.297462,1594.230105,12154473.0
2023-06-22,22-06-2023,1621.458252,1635.220397,1616.969619,1617.906773,28298070.0
2023-06-23,23-06-2023,1621.359619,1637.538711,1612.036973,1615.489823,10669609.0
2023-06-26,26-06-2023,1613.516724,1628.511909,1606.758907,1622.83937,8065157.0
2023-06-27,27-06-2023,1636.256226,1650.363632,1616.4764,1620.81703,16915932.0
2023-06-28,28-06-2023,1653.569824,1657.269306,1638.130629,1647.50265,29781475.0
2023-06-30,30-06-2023,1678.479614,1685.779949,1660.574098,1681.044564,20349508.0
2023-07-03,03-07-2023,1696.631836,1733.823914,1686.963808,1689.430129,22052058.0
2023-07-04,04-07-2023,1704.918579,1723.465364,1690.712664,1700.232569,19397594.0
2023-07-05,05-07-2023,1650.758179,1696.829011,1646.072168,1693.129529,18582877.0
2023-07-06,06-07-2023,1652.435303,1665.11217,1638.03201,1650.462246,26078272.0
2023-07-07,07-07-2023,1638.031982,1652.435275,1633.98724,1642.56999,9963168.0
2023-07-10,10-07-2023,1634.135132,1654.161709,1627.476064,1638.623885,19199221.0
2023-07-11,11-07-2023,1626.193604,1653.421766,1623.332647,1640.596896,25335213.0
2023-07-12,12-07-2023,1610.95166,1643.852482,1605.229867,1633.049923,35479179.0
2023-07-13,13-07-2023,1618.991943,1635.121661,1615.983104,1634.381764,20956773.0
2023-07-14,14-07-2023,1622.346191,1631.323577,1612.97417,1631.323577,12363607.0
2023-07-17,17-07-2023,1656.282715,1659.340929,1611.001033,1627.772017,24626464.0
2023-07-18,18-07-2023,1654.901611,1681.044617,1647.502647,1675.125446,40538409.0
2023-07-19,19-07-2023,1662.39917,1666.000023,1652.435256,1658.453056,16467567.0
2023-07-20,20-07-2023,1666.0,1669.206218,1657.367876,1658.502408,28105474.0
2023-07-21,21-07-2023,1653.175171,1667.035945,1650.70885,1657.367917,21077124.0
2023-07-24,24-07-2023,1655.789429,1661.955232,1647.601194,1655.888057,16089722.0
2023-07-25,25-07-2023,1673.744263,1676.111955,1655.789492,1661.955295,27996298.0
2023-07-26,26-07-2023,1667.923706,1676.703834,1665.260127,1676.703834,12397179.0
2023-07-27,27-07-2023,1650.610229,1680.058082,1644.986945,1676.999868,29870651.0
2023-07-28,28-07-2023,1621.359619,1646.417468,1618.991927,1639.117132,20507842.0
2023-07-31,31-07-2023,1628.955811,1634.480466,1616.624204,1627.821399,17282503.0
2023-08-01,01-08-2023,1639.857056,1644.986956,1627.772081,1632.162085,17697094.0
2023-08-02,02-08-2023,1618.400024,1629.251838,1611.149064,1619.879817,14058161.0
2023-08-03,03-08-2023,1606.709717,1629.103866,1601.135807,1617.906792,28836973.0
2023-08-04,04-08-2023,1629.942383,1634.184504,1607.301601,1613.122144,18694152.0
2023-08-07,07-08-2023,1629.005249,1640.695588,1625.355142,1640.695588,14150459.0
2023-08-08,08-08-2023,1627.673462,1633.296626,1619.929237,1629.449141,21886914.0
2023-08-09,09-08-2023,1628.265259,1632.211373,1609.126582,1630.73158,16680618.0
2023-08-10,10-08-2023,1613.812622,1631.964771,1609.027983,1624.861814,25390559.0
2023-08-11,11-08-2023,1596.992432,1616.328367,1594.427361,1616.328367,14112911.0
2023-08-14,14-08-2023,1589.198853,1593.243595,1578.692299,1589.297481,15652205.0
2023-08-16,16-08-2023,1584.562012,1587.965607,1559.997549,1561.773228,17068771.0
2023-08-17,17-08-2023,1575.782104,1588.21234,1572.526512,1576.077991,26442020.0
2023-08-18,18-08-2023,1569.32019,1574.795472,1564.140916,1566.163347,12816683.0
2023-08-21,21-08-2023,1568.087036,1578.93885,1565.620715,1578.93885,10918635.0
2023-08-22,22-08-2023,1561.378662,1576.472597,1558.715083,1574.844801,16136785.0
2023-08-23,23-08-2023,1565.226074,1569.122934,1552.055943,1558.71501,18249294.0
2023-08-24,24-08-2023,1558.024536,1574.696772,1554.916947,1571.835935,21572896.0
2023-08-25,25-08-2023,1540.464233,1556.248689,1537.406019,1553.338478,15034878.0
2023-08-28,28-08-2023,1556.495361,1561.329375,1540.464273,1540.464273,14433619.0
2023-08-29,29-08-2023,1568.876343,1571.194661,1560.145469,1568.284329,17769466.0
2023-08-30,30-08-2023,1557.432495,1582.34234,1552.499853,1582.34234,14042102.0
2023-08-31,31-08-2023,1550.280151,1561.822607,1542.042663,1557.72849,50037886.0
2023-09-01,01-09-2023,1553.48645,1557.728571,1538.343261,1549.836343,21613388.0
2023-09-04,04-09-2023,1563.203857,1570.010808,1553.683833,1568.58039,12536819.0
2023-09-05,05-09-2023,1553.683838,1567.001973,1549.441717,1567.001973,19356041.0
2023-09-06,06-09-2023,1574.006226,1578.445604,1553.683763,1555.558191,28160455.0
2023-09-07,07-09-2023,1589.149414,1592.257003,1565.768737,1574.006226,17104171.0
2023-09-08,08-09-2023,1601.530396,1610.902416,1585.943197,1586.633839,17251105.0
2023-09-11,11-09-2023,1609.817261,1614.453897,1602.12229,1606.956304,15786511.0
2023-09-12,12-09-2023,1614.848511,1620.767682,1603.158172,1617.906725,19516670.0
2023-09-13,13-09-2023,1621.754272,1629.350494,1606.660338,1609.324037,23210047.0
2023-09-14,14-09-2023,1620.7677,1627.772028,1613.07273,1622.09949,11769424.0
2023-09-15,15-09-2023,1639.36377,1647.50263,1627.772059,1627.772059,86705601.0
2023-09-18,18-09-2023,1607.10437,1632.704738,1604.194039,1631.471577,18528144.0
2023-09-20,20-09-2023,1542.634644,1577.459149,1539.379172,1577.459149,57737324.0
2023-09-21,21-09-2023,1532.424072,1547.813893,1516.343729,1532.078811,36420721.0
2023-09-22,22-09-2023,1509.043335,1543.3252,1503.222793,1537.997922,30852125.0
2023-09-25,25-09-2023,1510.375122,1519.9444,1504.455951,1504.455951,20104377.0
2023-09-26,26-09-2023,1516.935547,1519.253865,1504.455937,1504.455937,13787654.0
2023-09-27,27-09-2023,1506.281006,1511.854916,1494.590667,1502.482895,19669269.0
2023-09-28,28-09-2023,1503.173462,1516.886232,1497.895558,1513.334754,27677094.0
2023-09-29,29-09-2023,1505.738525,1514.765165,1501.792411,1503.173455,16026891.0
2023-10-03,03-10-2023,1487.734375,1506.429042,1485.711943,1506.429042,19485847.0
2023-10-04,04-10-2023,1508.944702,1514.321234,1469.187556,1474.860095,27324715.0
2023-10-05,05-10-2023,1515.061157,1530.648356,1511.953568,1514.370635,24256337.0
2023-10-06,06-10-2023,1513.384155,1524.186595,1509.240663,1523.200066,8879678.0
2023-10-09,09-10-2023,1495.823853,1509.38862,1491.631106,1507.415563,8227486.0
2023-10-10,10-10-2023,1504.307983,1508.402101,1494.787959,1500.065983,16633146.0
2023-10-11,11-10-2023,1518.859253,1521.374949,1507.908811,1509.487232,15666680.0
2023-10-12,12-10-2023,1528.971191,1531.092252,1510.967046,1515.406424,11012668.0
2023-10-13,13-10-2023,1515.061157,1527.935402,1509.339244,1519.253903,19872650.0
2023-10-16,16-10-2023,1508.994019,1513.778658,1500.016633,1510.868447,8928042.0
2023-10-17,17-10-2023,1520.437744,1534.791783,1514.321315,1534.791783,16451279.0
2023-10-18,18-10-2023,1499.276733,1520.437722,1497.648937,1520.437722,15608100.0
2023-10-19,19-10-2023,1494.541382,1505.689203,1482.949671,1485.120106,15126182.0
2023-10-20,20-10-2023,1502.285645,1506.429016,1484.725389,1484.725389,10547005.0
2023-10-23,23-10-2023,1485.761353,1508.155502,1479.891435,1502.976227,11188068.0
2023-10-25,25-10-2023,1476.339966,1502.285715,1471.357949,1500.509915,14155998.0
2023-10-26,26-10-2023,1443.685913,1471.900606,1440.578324,1471.160709,27780899.0
2023-10-27,27-10-2023,1449.358398,1458.089152,1447.138709,1449.703659,15970266.0
2023-10-30,30-10-2023,1465.093506,1469.878145,1442.206092,1443.537881,11655491.0
2023-10-31,31-10-2023,1456.609375,1483.73891,1454.143054,1483.73891,16317412.0
2023-11-01,01-11-2023,1454.636353,1457.546564,1442.551378,1442.551378,16938733.0
2023-11-02,02-11-2023,1456.855957,1470.420724,1447.385308,1464.994817,22612577.0
2023-11-03,03-11-2023,1463.761719,1471.308686,1461.690033,1467.954465,9047670.0
2023-11-06,06-11-2023,1474.366821,1477.819671,1463.021744,1477.819671,12796865.0
2023-11-07,07-11-2023,1467.214478,1473.873545,1457.299818,1473.873545,20976424.0
2023-11-08,08-11-2023,1471.456665,1473.330973,1461.048741,1463.958952,15699773.0
2023-11-09,09-11-2023,1465.636108,1472.492433,1463.515048,1465.981369,11058370.0
2023-11-10,10-11-2023,1471.407227,1475.846605,1460.111524,1460.160778,7007593.0
2023-11-13,13-11-2023,1468.743652,1475.797235,1465.882696,1471.999124,10302957.0
2023-11-15,15-11-2023,1484.133545,1490.595235,1480.335434,1483.837538,20622730.0
2023-11-16,16-11-2023,1488.030273,1498.536826,1483.492266,1489.362063,14856919.0
2023-11-17,17-11-2023,1484.824097,1487.191789,1468.941011,1469.92754,11850937.0
2023-11-20,20-11-2023,1484.922729,1492.6177,1481.321997,1492.6177,9665726.0
2023-11-21,21-11-2023,1497.500854,1501.496343,1491.729687,1498.536758,12479986.0
2023-11-22,22-11-2023,1492.173706,1499.523295,1483.29495,1499.523295,14561825.0
2023-11-23,23-11-2023,1500.805908,1503.321484,1488.178295,1488.178295,6523110.0
2023-11-24,24-11-2023,1511.460327,1512.49623,1499.375353,1500.707142,8234596.0
2023-11-28,28-11-2023,1508.056885,1516.541006,1505.245302,1514.518574,14244669.0
2023-11-29,29-11-2023,1538.145996,1541.944107,1512.348251,1513.23615,17021244.0
2023-11-30,30-11-2023,1537.800659,1551.266677,1521.374936,1548.011205,34745720.0
2023-12-01,01-12-2023,1534.446533,1544.65708,1531.190941,1536.912855,11076768.0
2023-12-04,04-12-2023,1587.718994,1590.283944,1552.4506,1566.60726,25331228.0
2023-12-05,05-12-2023,1601.826294,1616.920228,1594.723337,1614.453907,26115410.0
2023-12-06,06-12-2023,1605.871216,1616.377648,1594.871398,1616.377648,19306530.0
2023-12-07,07-12-2023,1608.485352,1611.987576,1594.42732,1603.108819,10225193.0
2023-12-08,08-12-2023,1630.928955,1632.704755,1608.485431,1608.485431,16864019.0
2023-12-11,11-12-2023,1628.758545,1641.287409,1624.812431,1627.821391,11593810.0
2023-12-12,12-12-2023,1612.579468,1633.937834,1609.866514,1631.915402,18290738.0
2023-12-13,13-12-2023,1608.929321,1613.960592,1593.342123,1610.458368,14673457.0
2023-12-14,14-12-2023,1627.920044,1636.601423,1622.839398,1623.825927,17586183.0
2023-12-15,15-12-2023,1634.233887,1645.52959,1624.417856,1627.772077,69418565.0
2023-12-18,18-12-2023,1633.395264,1642.274021,1628.709253,1638.327906,9007377.0
2023-12-19,19-12-2023,1630.633057,1636.305596,1621.902303,1627.7721,12004223.0
2023-12-20,20-12-2023,1634.677734,1646.466702,1622.296753,1635.664263,17116260.0
2023-12-21,21-12-2023,1663.977539,1666.986499,1628.018624,1634.677691,18294620.0
2023-12-22,22-12-2023,1648.341187,1663.188489,1644.641704,1660.919425,24289425.0
2023-12-26,26-12-2023,1659.784912,1663.237762,1646.072262,1650.708898,9022928.0
2023-12-27,27-12-2023,1680.354126,1683.510969,1655.986799,1658.847755,13504539.0
2023-12-28,28-12-2023,1682.27771,1698.210169,1679.071492,1686.273199,22038235.0
2023-12-29,29-12-2023,1686.223877,1691.797787,1673.152374,1674.138903,12505713.0
2024-01-01,01-01-2024,1675.223999,1686.125187,1669.206199,1683.017598,7119843.0
2024-01-02,02-01-2024,1676.210571,1679.860799,1665.950651,1675.914685,14621046.0
2024-01-03,03-01-2024,1650.363525,1681.735059,1646.466666,1679.07148,14194881.0
2024-01-04,04-01-2024,1668.071777,1672.11652,1648.193203,1655.39491,13367028.0
2024-01-05,05-01-2024,1659.538208,1681.932477,1645.62818,1664.421596,15944735.0
2024-01-08,08-01-2024,1641.040771,1659.686184,1637.637296,1655.888073,8999235.0
2024-01-09,09-01-2024,1628.265259,1655.197535,1624.565777,1644.690982,12663444.0
2024-01-10,10-01-2024,1633.641846,1637.58796,1619.287928,1620.86635,8057912.0
2024-01-11,11-01-2024,1626.785522,1640.498293,1620.866351,1637.637336,9157005.0
2024-01-12,12-01-2024,1619.090576,1633.691247,1611.592983,1629.745132,9886776.0
2024-01-15,15-01-2024,1650.264893,1658.255749,1621.458189,1625.502931,14160178.0
2024-01-16,16-01-2024,1656.529419,1660.968797,1635.762945,1650.462244,12661250.0
2024-01-17,17-01-2024,1516.787598,1575.288787,1507.810212,1548.849775,85072618.0
2024-01-18,18-01-2024,1466.129395,1494.590718,1460.111595,1473.873619,80535465.0
2024-01-19,19-01-2024,1450.838135,1489.904639,1448.618446,1485.662518,54800269.0
2024-01-23,23-01-2024,1408.12146,1454.833561,1405.803142,1445.264283,57734701.0
2024-01-24,24-01-2024,1436.286865,1438.802441,1361.65596,1361.65596,43002202.0
2024-01-25,25-01-2024,1415.569824,1437.717342,1400.278632,1432.932702,49470926.0
2024-01-29,29-01-2024,1435.053711,1443.093942,1426.322958,1428.542647,32822749.0
2024-01-30,30-01-2024,1424.84314,1443.488432,1421.488919,1434.955057,20864384.0
2024-01-31,31-01-2024,1442.84729,1455.080147,1417.444181,1420.10776,32880520.0
2024-02-01,01-02-2024,1446.596069,1453.748401,1436.434898,1445.313655,16345370.0
2024-02-02,02-02-2024,1426.668213,1460.900704,1422.62347,1455.129536,22433877.0
2024-02-05,05-02-2024,1425.385742,1432.340817,1414.731306,1426.520274,19302523.0
2024-02-06,06-02-2024,1424.645752,1430.170287,1413.300674,1426.076291,20537870.0
2024-02-07,07-02-2024,1410.686401,1434.215203,1407.43093,1433.425932,27418543.0
2024-02-08,08-02-2024,1384.148926,1419.565204,1381.63323,1410.587819,34553062.0
2024-02-09,09-02-2024,1384.691406,1395.148584,1368.315057,1373.395703,28321062.0
2024-02-12,12-02-2024,1371.274658,1394.606082,1364.714219,1380.794683,17223906.0
2024-02-13,13-02-2024,1375.664673,1385.431329,1365.700759,1373.198352,28790497.0
2024-02-14,14-02-2024,1365.404785,1372.754374,1345.180951,1357.463183,45660405.0
2024-02-15,15-02-2024,1395.000732,1396.431151,1365.700762,1366.34203,20792472.0
2024-02-16,16-02-2024,1400.771851,1408.466701,1389.476027,1404.717965,16087871.0
2024-02-19,19-02-2024,1398.009521,1409.749235,1396.135093,1409.749235,17225878.0
2024-02-20,20-02-2024,1434.708496,1437.618707,1392.781033,1395.937877,28066754.0
2024-02-21,21-02-2024,1419.762573,1444.277783,1415.668456,1444.277783,22946568.0
2024-02-22,22-02-2024,1400.426636,1409.552025,1393.175555,1398.650836,25280441.0
2024-02-23,23-02-2024,1401.462402,1414.58328,1398.897452,1403.386205,14916726.0
2024-02-26,26-02-2024,1403.139526,1415.520387,1394.507402,1394.507402,11753435.0
2024-02-27,27-02-2024,1401.018555,1407.480244,1394.014226,1394.50749,16043575.0
2024-02-28,28-02-2024,1390.41333,1405.01388,1385.086052,1401.018512,12660993.0
2024-02-29,29-02-2024,1384.494141,1391.39984,1378.476341,1383.211605,26647850.0
2024-03-01,01-03-2024,1411.475708,1413.448765,1381.139955,1381.139955,17369449.0
2024-03-04,04-03-2024,1413.399414,1417.641535,1405.112671,1411.672989,17808237.0
2024-03-05,05-03-2024,1421.439575,1423.560636,1402.498276,1402.843537,18995836.0
2024-03-06,06-03-2024,1423.166016,1433.277933,1414.238005,1414.238005,21204765.0
2024-03-07,07-03-2024,1426.618896,1431.502285,1421.982261,1426.027003,24674023.0
2024-03-11,11-03-2024,1408.56543,1426.470825,1403.830045,1410.735744,25265547.0
2024-03-12,12-03-2024,1439.887695,1444.277699,1409.995834,1414.681844,32709227.0
2024-03-13,13-03-2024,1440.726318,1451.77539,1430.565026,1445.75759,31533727.0
2024-03-14,14-03-2024,1435.842896,1446.25082,1424.843199,1442.403334,26216079.0
2024-03-15,15-03-2024,1433.080688,1439.641127,1422.820768,1430.466364,71806902.0
2024-03-18,18-03-2024,1426.56958,1436.38549,1416.457663,1427.506734,10718928.0
2024-03-19,19-03-2024,1429.825073,1432.834033,1416.161677,1416.161677,18091797.0
2024-03-20,20-03-2024,1411.771729,1432.094193,1405.457922,1429.529242,21803047.0
2024-03-21,21-03-2024,1426.27356,1431.699466,1418.923971,1423.165971,14461430.0
2024-03-22,22-03-2024,1423.412598,1431.206197,1418.381326,1421.587544,22990163.0
2024-03-26,26-03-2024,1406.197754,1418.578614,1402.991536,1407.973433,28422145.0
2024-03-27,27-03-2024,1421.291626,1428.443958,1402.103694,1404.372758,31084334.0
2024-03-28,28-03-2024,1428.394653,1440.824888,1421.291576,1421.291576,27796071.0
2024-04-01,01-04-2024,1450.690186,1453.945778,1435.990887,1438.358579,12599785.0
2024-04-02,02-04-2024,1460.210205,1474.712126,1443.537849,1445.412277,20612723.0
2024-04-03,03-04-2024,1462.331299,1475.501431,1451.578114,1452.268635,22792193.0
2024-04-04,04-04-2024,1507.020996,1509.388689,1483.738946,1483.738946,44467533.0
2024-04-05,05-04-2024,1528.675293,1533.558561,1509.536616,1518.267369,29527951.0
2024-04-08,08-04-2024,1525.765015,1536.271568,1520.783118,1534.002504,10241470.0
2024-04-09,09-04-2024,1527.688721,1533.903778,1519.549861,1533.903778,10942247.0
2024-04-10,10-04-2024,1515.653076,1529.020586,1512.298855,1529.020586,13903700.0
2024-04-12,12-04-2024,1498.487427,1509.240612,1493.06152,1500.509858,20542104.0
2024-04-15,15-04-2024,1474.564087,1489.658021,1471.949883,1477.375789,11707624.0
2024-04-16,16-04-2024,1488.918213,1492.519066,1462.281942,1466.967953,10372443.0
2024-04-18,18-04-2024,1474.564087,1498.388774,1470.963354,1489.460763,17117442.0
2024-04-19,19-04-2024,1510.671143,1514.271875,1460.308814,1466.523992,17288217.0
2024-04-22,22-04-2024,1491.828369,1536.41953,1487.981004,1536.41953,21149219.0
2024-04-23,23-04-2024,1487.290405,1505.935819,1482.99903,1505.738561,13413530.0
2024-04-24,24-04-2024,1491.335083,1501.249743,1488.720879,1494.590675,11220790.0
2024-04-25,25-04-2024,1490.397949,1499.227331,1485.958571,1485.958571,17722602.0
2024-04-26,26-04-2024,1489.460815,1507.415586,1485.268069,1499.326101,12427347.0
2024-04-29,29-04-2024,1508.895386,1513.778654,1486.254604,1494.590722,18046675.0
2024-04-30,30-04-2024,1499.621948,1518.760625,1494.492048,1508.599334,26153691.0
2024-05-02,02-05-2024,1511.608276,1516.294287,1499.868563,1501.496359,16737503.0
2024-05-03,03-05-2024,1499.128662,1519.84576,1486.895685,1512.5948,15932621.0
2024-05-06,06-05-2024,1502.137695,1513.828034,1496.711788,1501.496428,14396698.0
2024-05-07,07-05-2024,1485.859985,1503.51887,1483.886928,1501.447064,14240301.0
2024-05-08,08-05-2024,1462.676514,1476.783799,1460.40745,1475.797271,20843931.0
2024-05-09,09-05-2024,1428.0,1466.721244,1425.829685,1455.080159,23140639.0
2024-05-10,10-05-2024,1437.900024,1451.949951,1426.800049,1439.0,13638304.0
2024-05-13,13-05-2024,1455.25,1459.800049,1430.300049,1432.0,13523601.0
2024-05-14,14-05-2024,1460.949951,1465.5,1450.300049,1452.25,12832571.0
2024-05-15,15-05-2024,1438.5,1459.699951,1435.800049,1459.699951,19465998.0
2024-05-16,16-05-2024,1460.25,1462.550049,1435.5,1446.050049,17472618.0
2024-05-17,17-05-2024,1464.099976,1468.0,1446.199951,1446.199951,10460095.0
2024-05-21,21-05-2024,1458.800049,1469.699951,1450.099976,1450.099976,21884989.0
2024-05-22,22-05-2024,1459.199951,1465.599976,1448.150024,1457.849976,19998139.0
2024-05-23,23-05-2024,1492.599976,1495.650024,1457.050049,1458.650024,20430960.0
2024-05-24,24-05-2024,1517.199951,1519.900024,1486.0,1487.5,15530103.0
2024-05-27,27-05-2024,1527.699951,1545.0,1519.050049,1523.349976,14692720.0
2024-05-28,28-05-2024,1530.5,1536.050049,1524.800049,1530.099976,13954452.0
2024-05-29,29-05-2024,1508.300049,1523.849976,1501.25,1518.0,17573853.0
2024-05-30,30-05-2024,1514.849976,1523.599976,1497.650024,1499.199951,16877675.0
2024-05-31,31-05-2024,1531.550049,1536.0,1514.0,1519.0,37039794.0
2024-06-03,03-06-2024,1572.199951,1599.0,1550.0,1599.0,36318628.0
2024-06-04,04-06-2024,1483.150024,1559.0,1454.0,1557.0,44765620.0
2024-06-05,05-06-2024,1551.800049,1559.599976,1482.349976,1494.050049,40815825.0
2024-06-06,06-06-2024,1559.699951,1565.449951,1546.599976,1564.900024,23211435.0
2024-06-07,07-06-2024,1573.349976,1584.349976,1552.050049,1561.050049,18356108.0
2024-06-10,10-06-2024,1561.300049,1580.650024,1557.599976,1574.0,11227029.0
2024-06-11,11-06-2024,1564.800049,1571.0,1552.199951,1556.0,14772663.0
2024-06-12,12-06-2024,1574.150024,1588.300049,1566.400024,1575.0,19640218.0
2024-06-13,13-06-2024,1580.75,1585.699951,1574.0,1581.75,12060096.0
2024-06-14,14-06-2024,1596.900024,1599.0,1577.699951,1584.0,12770277.0
2024-06-18,18-06-2024,1607.800049,1610.5,1589.449951,1596.900024,16207857.0
2024-06-19,19-06-2024,1657.849976,1669.900024,1604.0,1613.400024,45065598.0
2024-06-20,20-06-2024,1669.349976,1681.449951,1652.0,1669.800049,20704371.0
2024-06-21,21-06-2024,1665.75,1672.849976,1643.150024,1672.849976,25815388.0
2024-06-24,24-06-2024,1672.400024,1675.099976,1645.75,1647.0,14272497.0
2024-06-25,25-06-2024,1711.349976,1716.949951,1671.099976,1671.099976,37260774.0
2024-06-26,26-06-2024,1701.5,1710.900024,1691.099976,1707.949951,23798333.0
2024-06-27,27-06-2024,1696.150024,1713.0,1686.599976,1696.099976,27537325.0
2024-06-28,28-06-2024,1683.800049,1706.599976,1679.0,1697.599976,13238023.0
2024-07-01,01-07-2024,1705.199951,1707.300049,1680.0,1680.0,10593512.0
2024-07-02,02-07-2024,1730.599976,1734.900024,1702.75,1715.0,22960845.0
2024-07-03,03-07-2024,1768.650024,1794.0,1764.650024,1791.0,61608901.0
2024-07-04,04-07-2024,1727.150024,1759.75,1724.849976,1759.75,22924329.0
2024-07-05,05-07-2024,1648.099976,1685.0,1642.199951,1685.0,41121274.0
2024-07-08,08-07-2024,1635.349976,1654.949951,1627.150024,1645.300049,19543900.0
2024-07-09,09-07-2024,1636.5,1646.699951,1620.349976,1625.0,24275439.0
2024-07-10,10-07-2024,1626.099976,1640.0,1620.75,1629.949951,22753591.0
2024-07-11,11-07-2024,1621.900024,1625.849976,1601.0,1623.949951,22088537.0
2024-07-12,12-07-2024,1622.699951,1638.400024,1611.150024,1622.0,28024980.0
2024-07-15,15-07-2024,1622.099976,1629.800049,1615.199951,1623.5,16687847.0
2024-07-16,16-07-2024,1619.75,1627.0,1616.800049,1620.75,14475162.0
2024-07-18,18-07-2024,1614.800049,1623.949951,1599.150024,1608.0,16858532.0
2024-07-19,19-07-2024,1607.300049,1623.0,1603.5,1616.0,13001076.0
2024-07-22,22-07-2024,1642.550049,1651.0,1612.650024,1617.0,26872411.0
2024-07-23,23-07-2024,1618.400024,1647.800049,1605.0,1647.550049,26001076.0
2024-07-24,24-07-2024,1604.050049,1621.0,1588.050049,1608.150024,30864103.0
2024-07-25,25-07-2024,1616.599976,1625.0,1593.0,1593.0,12767866.0
2024-07-26,26-07-2024,1618.150024,1621.75,1596.449951,1605.0,21905270.0
2024-07-29,29-07-2024,1605.050049,1631.849976,1598.300049,1615.0,25500574.0
2024-07-30,30-07-2024,1615.550049,1634.75,1599.0,1602.0,27297917.0
2024-07-31,31-07-2024,1615.75,1627.900024,1609.199951,1614.0,18910242.0
2024-08-01,01-08-2024,1638.800049,1650.050049,1617.949951,1622.900024,13107587.0
2024-08-02,02-08-2024,1659.150024,1670.5,1631.0,1631.0,22059619.0
2024-08-05,05-08-2024,1615.75,1646.0,1601.0,1640.099976,20666817.0
2024-08-06,06-08-2024,1601.199951,1632.949951,1593.300049,1630.0,22558025.0
2024-08-07,07-08-2024,1623.5,1630.0,1602.199951,1617.0,21173132.0
2024-08-08,08-08-2024,1642.699951,1653.300049,1619.25,1624.0,16988475.0
2024-08-09,09-08-2024,1650.199951,1662.550049,1645.800049,1652.0,13322309.0
2024-08-12,12-08-2024,1660.099976,1675.949951,1647.349976,1652.0,19658098.0
2024-08-13,13-08-2024,1603.199951,1632.400024,1601.150024,1628.0,27027521.0
2024-08-14,14-08-2024,1607.800049,1613.699951,1603.199951,1606.5,16167214.0
2024-08-16,16-08-2024,1632.099976,1634.150024,1611.0,1628.5,13924623.0
2024-08-19,19-08-2024,1631.550049,1637.650024,1623.699951,1637.650024,9751082.0
2024-08-20,20-08-2024,1637.699951,1646.0,1627.449951,1627.449951,15567247.0
2024-08-21,21-08-2024,1625.800049,1634.550049,1617.800049,1628.099976,23815452.0
2024-08-22,22-08-2024,1631.300049,1638.300049,1628.0,1632.0,10650319.0
2024-08-23,23-08-2024,1625.050049,1634.0,1623.0,1634.0,10166711.0
2024-08-26,26-08-2024,1639.949951,1647.949951,1632.199951,1632.199951,11182133.0
2024-08-27,27-08-2024,1637.75,1647.400024,1632.199951,1643.400024,17886622.0
2024-08-28,28-08-2024,1637.099976,1639.75,1630.199951,1637.75,13460594.0
2024-08-29,29-08-2024,1638.550049,1644.400024,1631.150024,1642.0,24526302.0
2024-08-30,30-08-2024,1636.900024,1662.0,1621.150024,1656.0,222671050.0
2024-09-02,02-09-2024,1626.949951,1646.800049,1623.199951,1646.800049,17024840.0
2024-09-03,03-09-2024,1637.349976,1639.949951,1624.599976,1634.0,18641430.0
2024-09-04,04-09-2024,1641.800049,1644.800049,1632.0,1639.0,12341372.0
2024-09-05,05-09-2024,1645.449951,1649.900024,1642.0,1646.0,11438159.0
2024-09-06,06-09-2024,1636.949951,1647.75,1634.099976,1638.300049,13014801.0
2024-09-09,09-09-2024,1646.5,1648.5,1630.099976,1638.0,11896457.0
2024-09-10,10-09-2024,1650.349976,1654.0,1638.0,1654.0,13303323.0
2024-09-11,11-09-2024,1643.900024,1652.5,1639.199951,1650.400024,11113342.0
2024-09-12,12-09-2024,1666.599976,1670.0,1647.050049,1654.0,16212023.0
2024-09-13,13-09-2024,1665.949951,1674.0,1657.050049,1674.0,11930266.0
2024-09-16,16-09-2024,1670.949951,1677.800049,1664.050049,1667.0,7586410.0
2024-09-17,17-09-2024,1668.800049,1678.0,1664.150024,1678.0,10063561.0
2024-09-18,18-09-2024,1694.800049,1698.900024,1671.099976,1671.849976,20458671.0
2024-09-19,19-09-2024,1708.5,1719.0,1699.150024,1699.199951,15325888.0
2024-09-20,20-09-2024,1741.199951,1744.949951,1707.550049,1716.5,30311693.0
2024-09-23,23-09-2024,1759.800049,1766.349976,1740.25,1749.0,13482675.0
2024-09-24,24-09-2024,1768.050049,1781.650024,1754.25,1765.0,16519518.0
2024-09-25,25-09-2024,1779.099976,1788.0,1760.150024,1760.150024,15982656.0
2024-09-26,26-09-2024,1783.449951,1788.0,1768.050049,1773.050049,15949822.0
2024-09-27,27-09-2024,1752.650024,1778.199951,1750.0,1777.0,17806751.0
2024-09-30,30-09-2024,1732.050049,1751.449951,1724.400024,1748.800049,13191767.0
2024-10-01,01-10-2024,1726.199951,1742.0,1720.099976,1724.0,12286142.0
2024-10-03,03-10-2024,1682.0,1726.150024,1673.349976,1715.650024,24236699.0
2024-10-04,04-10-2024,1657.650024,1690.650024,1653.0,1674.5,24341616.0
2024-10-07,07-10-2024,1617.800049,1659.0,1613.0,1652.199951,47229148.0
2024-10-08,08-10-2024,1651.050049,1656.800049,1622.0,1630.0,14867203.0
2024-10-09,09-10-2024,1633.150024,1656.75,1628.699951,1649.5,20562821.0
2024-10-10,10-10-2024,1662.400024,1665.449951,1632.5,1639.0,10877383.0
2024-10-11,11-10-2024,1651.0,1664.449951,1643.25,1664.449951,11836297.0
2024-10-14,14-10-2024,1688.099976,1692.050049,1654.0,1656.050049,9263754.0
2024-10-15,15-10-2024,1684.099976,1698.0,1675.5,1694.0,9825565.0
2024-10-16,16-10-2024,1699.800049,1707.949951,1680.099976,1680.099976,10235341.0
2024-10-17,17-10-2024,1673.150024,1697.650024,1665.199951,1694.949951,7347866.0
2024-10-18,18-10-2024,1681.849976,1691.0,1654.099976,1663.099976,12404862.0
2024-10-21,21-10-2024,1728.699951,1748.150024,1711.050049,1715.0,23274177.0
2024-10-22,22-10-2024,1714.550049,1740.0,1710.699951,1730.050049,19437640.0
2024-10-23,23-10-2024,1735.800049,1746.5,1705.050049,1705.050049,19018045.0
2024-10-24,24-10-2024,1749.650024,1768.650024,1738.099976,1738.099976,15416129.0
2024-10-25,25-10-2024,1743.400024,1757.849976,1728.699951,1755.0,13065239.0
2024-10-28,28-10-2024,1734.199951,1751.0,1728.900024,1742.0,11006071.0
2024-10-29,29-10-2024,1751.849976,1764.0,1725.099976,1726.150024,17897463.0
2024-10-30,30-10-2024,1734.599976,1754.75,1724.199951,1742.0,16357862.0
2024-10-31,31-10-2024,1735.699951,1738.900024,1719.400024,1728.0,11447956.0
2024-11-01,01-11-2024,1737.300049,1744.099976,1726.099976,1733.0,879846.0
2024-11-04,04-11-2024,1714.099976,1745.0,1710.900024,1745.0,14044624.0
2024-11-05,05-11-2024,1757.849976,1762.699951,1697.900024,1703.0,22116203.0
2024-11-06,06-11-2024,1755.25,1771.5,1745.349976,1771.5,13893955.0
2024-11-07,07-11-2024,1746.550049,1760.949951,1738.0,1744.300049,9447728.0
2024-11-08,08-11-2024,1754.449951,1761.800049,1745.849976,1752.0,9951493.0
2024-11-11,11-11-2024,1766.300049,1782.800049,1751.199951,1754.550049,12282681.0
2024-11-12,12-11-2024,1718.199951,1775.0,1708.650024,1772.0,15697703.0
2024-11-13,13-11-2024,1681.349976,1729.400024,1673.0,1716.75,17864250.0
2024-11-14,14-11-2024,1692.75,1704.849976,1672.099976,1673.099976,13573235.0
2024-11-18,18-11-2024,1705.099976,1718.900024,1695.0,1700.0,13540984.0
2024-11-19,19-11-2024,1742.25,1753.75,1702.699951,1714.0,25490636.0
2024-11-21,21-11-2024,1741.199951,1759.0,1734.199951,1749.400024,17858256.0
2024-11-22,22-11-2024,1745.599976,1754.300049,1729.550049,1743.550049,12386806.0
2024-11-25,25-11-2024,1785.599976,1803.550049,1764.900024,1785.050049,213868637.0
2024-11-26,26-11-2024,1785.550049,1810.0,1769.800049,1810.0,15467783.0
2024-11-27,27-11-2024,1812.300049,1817.349976,1785.150024,1789.900024,16357488.0
2024-11-28,28-11-2024,1793.150024,1836.099976,1788.0,1819.0,17861196.0
2024-11-29,29-11-2024,1796.050049,1804.599976,1782.900024,1801.300049,13834768.0
2024-12-02,02-12-2024,1804.699951,1808.150024,1775.0,1803.5,7555438.0
2024-12-03,03-12-2024,1826.300049,1837.400024,1816.099976,1822.699951,21705121.0
2024-12-04,04-12-2024,1860.099976,1865.0,1831.150024,1838.0,22334542.0
2024-12-05,05-12-2024,1865.75,1879.949951,1835.199951,1860.0,19841357.0
2024-12-06,06-12-2024,1855.849976,1864.199951,1844.0,1857.0,8891578.0
2024-12-09,09-12-2024,1870.0,1880.0,1849.0,1853.650024,13473956.0
2024-12-10,10-12-2024,1868.099976,1877.699951,1858.550049,1877.699951,6662740.0
2024-12-11,11-12-2024,1863.099976,1871.900024,1856.75,1861.699951,7022713.0
2024-12-12,12-12-2024,1859.25,1868.650024,1848.699951,1851.0,8646895.0
2024-12-13,13-12-2024,1871.75,1875.0,1829.25,1862.5,9504501.0
2024-12-16,16-12-2024,1865.199951,1869.949951,1855.25,1865.099976,6553541.0
2024-12-17,17-12-2024,1833.25,1862.349976,1826.5,1856.349976,10539766.0
2024-12-18,18-12-2024,1810.699951,1836.0,1807.150024,1829.849976,11711156.0
2024-12-19,19-12-2024,1793.5,1801.099976,1779.0,1799.599976,12690385.0
2024-12-20,20-12-2024,1771.5,1797.550049,1767.050049,1782.199951,12846174.0
2024-12-23,23-12-2024,1801.0,1806.0,1781.300049,1782.0,5522296.0
2024-12-24,24-12-2024,1798.099976,1808.699951,1789.550049,1802.050049,7242917.0
2024-12-26,26-12-2024,1790.75,1812.0,1780.75,1798.550049,5240839.0
2024-12-27,27-12-2024,1798.25,1805.949951,1789.099976,1794.800049,3629665.0
2024-12-30,30-12-2024,1777.900024,1815.0,1771.0,1792.199951,11111109.0
