Date,Date_Unnamed: 0_level_1,Close_INFY.NS,High_INFY.NS,Low_INFY.NS,Open_INFY.NS,Volume_INFY.NS
2020-01-01,01-01-2020,646.5186157,649.2824747,642.7457688,644.895431,2112415.0
2020-01-02,02-01-2020,644.6324463,649.9846201,641.2983026,648.317575,5658200.0
2020-01-03,03-01-2020,654.5470581,656.301876,643.9304315,643.9304315,7882938.0
2020-01-06,06-01-2020,648.2734985,661.3907714,646.2116092,654.6347126,6519403.0
2020-01-07,07-01-2020,638.6660156,651.5638847,636.2092276,647.5278249,7899363.0
2020-01-08,08-01-2020,630.1551514,639.6311578,621.4687809,636.0776621,8639443.0
2020-01-09,09-01-2020,638.3588867,641.8246629,626.7332178,633.2260657,13521186.0
2020-01-10,10-01-2020,647.6593628,651.8270548,640.9471637,649.6773924,9341405.0
2020-01-13,13-01-2020,678.7196045,682.1853802,662.4436811,666.8307253,36952038.0
2020-01-14,14-01-2020,680.5622559,681.7028768,673.1481397,675.5610143,11414418.0
2020-01-15,15-01-2020,673.4552612,678.9829272,668.7172848,678.9829272,6047430.0
2020-01-16,16-01-2020,672.9725952,677.7983439,667.0500854,676.2190187,5740586.0
2020-01-17,17-01-2020,673.7184448,678.1494029,668.8049761,676.2190925,3762957.0
2020-01-20,20-01-2020,674.244812,679.4654052,669.4190635,677.0086176,3887680.0
2020-01-21,21-01-2020,669.024292,676.0435633,667.4888264,674.2448857,4448374.0
2020-01-22,22-01-2020,675.7803345,682.6241131,672.0952064,674.2448689,9733935.0
2020-01-23,23-01-2020,688.1956787,689.2047204,681.4835325,681.8344639,12528017.0
2020-01-24,24-01-2020,686.7918701,690.0821537,678.7635566,680.6500073,7540490.0
2020-01-27,27-01-2020,682.711853,688.5905034,679.4654829,683.5454022,3741610.0
2020-01-28,28-01-2020,682.6240845,685.9582274,677.3596314,685.256311,5121009.0
2020-01-29,29-01-2020,692.8898315,695.6097778,688.1079422,690.1698318,6832757.0
2020-01-30,30-01-2020,684.993103,692.8897827,682.6240884,692.8897827,3859680.0
2020-01-31,31-01-2020,680.8254395,688.7221195,677.0086786,684.8614989,6092028.0
2020-02-03,03-02-2020,673.3236084,693.9865772,670.7791012,686.1337569,6416745.0
2020-02-04,04-02-2020,691.2666626,693.0653939,675.6926528,675.6926528,5771311.0
2020-02-05,05-02-2020,688.3710938,689.6433473,679.4654262,685.2563031,6310409.0
2020-02-06,06-02-2020,676.7892456,690.3452221,675.6047652,688.1955598,7341622.0
2020-02-07,07-02-2020,682.0099487,683.3699219,676.4822832,680.8254681,2853344.0
2020-02-10,10-02-2020,678.4125977,682.6241498,675.3855261,679.1145141,3827682.0
2020-02-11,11-02-2020,678.7196045,683.5892129,674.9028974,683.5014934,4312817.0
2020-02-12,12-02-2020,685.3001709,687.2304811,680.0795775,680.6937744,2948825.0
2020-02-13,13-02-2020,695.1271973,696.6626628,686.3092486,688.7659828,4387430.0
2020-02-14,14-02-2020,690.0383301,701.225295,688.4150913,697.1014619,5321680.0
2020-02-17,17-02-2020,692.6705322,696.1801682,687.2744456,693.4163084,2929629.0
2020-02-18,18-02-2020,699.8652954,701.0936359,687.5815697,688.7660504,5083346.0
2020-02-19,19-02-2020,702.3220215,706.1825888,698.5491736,701.9271767,3985192.0
2020-02-20,20-02-2020,699.2949219,707.2793218,696.5310623,704.7787277,4564569.0
2020-02-24,24-02-2020,698.2858887,712.1050796,695.0395184,702.0148767,6627536.0
2020-02-25,25-02-2020,700.5233154,707.1916019,697.8910886,701.0497394,6996695.0
2020-02-26,26-02-2020,686.7918701,703.1994285,684.8176999,696.6188613,8760569.0
2020-02-27,27-02-2020,682.4924316,685.0369386,677.5351039,682.6240644,5223386.0
2020-02-28,28-02-2020,642.0002441,664.023191,633.533225,658.0568198,14123957.0
2020-03-02,02-03-2020,650.2037964,672.0074377,643.7987227,646.6503014,9821523.0
2020-03-03,03-03-2020,655.4244385,665.9533451,650.3793374,662.4437096,7826587.0
2020-03-04,04-03-2020,665.7340088,668.1468833,654.1522005,661.478597,11013444.0
2020-03-05,05-03-2020,662.0927124,678.7196212,659.5921185,670.121025,7755293.0
2020-03-06,06-03-2020,648.3613892,652.7922939,639.7188784,650.1600669,9216022.0
2020-03-09,09-03-2020,618.0906982,636.8672162,611.5539914,635.6827356,10308654.0
2020-03-11,11-03-2020,601.9025269,610.6327564,587.0304348,605.9824998,16165009.0
2020-03-12,12-03-2020,553.8206177,587.864079,550.5741934,586.1092609,13965574.0
2020-03-13,13-03-2020,563.6035767,585.2317271,500.1230652,519.4260607,16903113.0
2020-03-16,16-03-2020,511.6611023,545.8800548,508.8972424,545.748422,19140152.0
2020-03-17,17-03-2020,486.9181824,519.4261783,482.5749967,516.0042614,16059887.0
2020-03-18,18-03-2020,468.79953,507.1423068,463.2718651,498.3682185,15390183.0
2020-03-19,19-03-2020,478.6704407,489.5941928,446.8205066,446.8205066,16583991.0
2020-03-20,20-03-2020,513.4597778,541.7562192,480.820151,482.1362646,21354894.0
2020-03-23,23-03-2020,461.9119568,492.1825658,452.655303,473.8008375,17146150.0
2020-03-24,24-03-2020,517.4957886,527.4544123,458.0074724,458.0074724,20027097.0
2020-03-25,25-03-2020,531.8852539,557.154618,496.3501956,523.8130818,18339548.0
2020-03-26,26-03-2020,564.1740723,571.0617125,537.0621086,539.6066166,14843813.0
2020-03-27,27-03-2020,572.6848755,592.1633664,563.5159406,583.5208554,13495283.0
2020-03-30,30-03-2020,549.8721924,582.1608306,544.9586702,548.4683059,14624804.0
2020-03-31,31-03-2020,562.8578491,580.8447328,556.0140699,570.3158253,15175521.0
2020-04-01,01-04-2020,528.9021606,559.3482652,521.1809718,556.5844053,13083824.0
2020-04-03,03-04-2020,513.8984375,531.7098286,510.7836464,529.5163062,10221655.0
2020-04-07,07-04-2020,560.6642456,565.270642,537.7638964,539.6064336,15145605.0
2020-04-08,08-04-2020,554.1714478,575.2731749,549.565051,552.7676149,11806896.0
2020-04-09,09-04-2020,558.2514038,572.7725102,554.6101355,567.5080568,11931114.0
2020-04-13,13-04-2020,559.260437,571.8073732,549.3018142,551.8901811,8330276.0
2020-04-15,15-04-2020,560.7081909,573.2112687,557.6811193,571.5442238,11963447.0
2020-04-16,16-04-2020,547.371521,557.0669322,529.5162713,543.9496584,17783287.0
2020-04-17,17-04-2020,551.6708984,566.8062034,549.2580237,565.0513854,8878320.0
2020-04-20,20-04-2020,573.2112427,579.9673021,560.6643057,561.5417146,13322913.0
2020-04-21,21-04-2020,555.5753784,567.2449072,550.8373485,550.8373485,11660575.0
2020-04-22,22-04-2020,563.164856,565.9287153,551.0566244,555.5753014,8266728.0
2020-04-23,23-04-2020,596.0239258,599.8406871,559.8746641,567.7274854,14451289.0
2020-04-24,24-04-2020,577.335144,592.2510976,574.5274244,586.5917986,7319940.0
2020-04-27,27-04-2020,583.1259766,597.515505,580.0111854,580.0111854,7183306.0
2020-04-28,28-04-2020,579.7039795,594.0057316,572.991781,590.4960965,7296571.0
2020-04-29,29-04-2020,593.6109619,598.392851,577.335038,584.354309,8639056.0
2020-04-30,30-04-2020,627.7860718,631.7344119,612.5191354,614.1862337,16253821.0
2020-05-04,04-05-2020,591.1103516,615.2390949,588.1709998,605.2366126,9122740.0
2020-05-05,05-05-2020,591.1103516,601.5514847,587.8639281,598.1734821,6393053.0
2020-05-06,06-05-2020,584.2665405,597.9102366,582.6433021,593.9180373,7934250.0
2020-05-07,07-05-2020,583.4330444,591.6806558,581.2395222,583.9594683,4779548.0
2020-05-08,08-05-2020,591.5490723,597.4277224,586.547831,589.8381143,8400321.0
2020-05-11,11-05-2020,599.1825562,612.9139732,594.8832311,598.8315712,7370186.0
2020-05-12,12-05-2020,603.3502808,606.2895793,592.6897407,595.3219675,7356039.0
2020-05-13,13-05-2020,609.0534058,614.0985069,599.9283318,609.6236894,8287101.0
2020-05-14,14-05-2020,577.4667358,589.3994764,572.5970732,578.212512,16888262.0
2020-05-15,15-05-2020,572.3338623,583.3014745,567.4203935,583.3014745,9255353.0
2020-05-18,18-05-2020,582.5117798,588.3465167,572.9480015,578.958231,10435442.0
2020-05-19,19-05-2020,586.6357422,592.0756897,574.702999,582.5996815,5902208.0
2020-05-20,20-05-2020,587.4691162,590.4961876,578.7828003,586.5478476,5794636.0
2020-05-21,21-05-2020,589.7944336,596.1556498,583.8280622,584.7931908,7213225.0
2020-05-22,22-05-2020,607.4741211,610.5450527,590.9349823,592.2510958,11867731.0
2020-05-26,26-05-2020,597.1206665,613.7037175,595.7606933,608.0444189,7099606.0
2020-05-27,27-05-2020,618.9682007,622.2584845,592.2510855,601.9464444,8774636.0
2020-05-28,28-05-2020,620.6790771,622.9603189,605.4121409,620.3280922,9440091.0
2020-05-29,29-05-2020,614.5424805,623.2581227,600.268386,615.876509,28290128.0
2020-06-01,01-06-2020,622.1464844,628.4609192,614.9872081,621.4350133,12276438.0
2020-06-02,02-06-2020,629.7504272,632.9076718,620.3677701,622.9913706,7059304.0
2020-06-03,03-06-2020,623.9252319,633.1300628,618.9893364,632.062829,11378568.0
2020-06-04,04-06-2020,629.439209,630.951119,620.3233462,624.3254323,10782424.0
2020-06-05,05-06-2020,625.7038574,632.952101,623.080257,628.772134,7718679.0
2020-06-08,08-06-2020,641.0897217,645.4920274,626.1041539,629.3503122,10719105.0
2020-06-09,09-06-2020,638.1993408,648.871571,635.9315028,640.3338086,10078029.0
2020-06-10,10-06-2020,636.6429443,639.8446458,630.728783,635.8870164,7263049.0
2020-06-11,11-06-2020,626.0596924,634.4640842,622.7690773,633.218969,8825715.0
2020-06-12,12-06-2020,615.4763794,618.2334047,600.7576066,601.0244014,9795316.0
2020-06-15,15-06-2020,611.4741821,626.4598014,609.4286826,616.3211632,7857344.0
2020-06-16,16-06-2020,623.6138916,633.2188863,621.7907301,624.3253626,10131760.0
2020-06-17,17-06-2020,625.7928467,631.7070077,620.7679838,622.4577751,7291916.0
2020-06-18,18-06-2020,634.9087524,637.3099607,627.8828462,629.8394325,6670195.0
2020-06-19,19-06-2020,627.482605,633.1300256,623.4360622,630.5508818,22438862.0
2020-06-22,22-06-2020,625.8374023,630.2841651,622.546787,628.8611685,7804096.0
2020-06-23,23-06-2020,640.9118652,644.3358505,615.5208093,618.7225107,12157390.0
2020-06-24,24-06-2020,635.1311035,646.38138,630.9066792,637.5768229,10220838.0
2020-06-25,25-06-2020,622.991394,627.5270698,616.7659269,626.8600555,14945284.0
2020-06-26,26-06-2020,665.4135132,668.4372789,631.4402388,631.6181201,26030458.0
2020-06-29,29-06-2020,650.7836304,662.300755,649.3161772,654.0297884,8954428.0
2020-06-30,30-06-2020,654.5189209,657.1869781,644.1134868,651.7174391,10411290.0
2020-07-01,01-07-2020,650.9171143,660.1663477,649.0049847,655.6751284,5477468.0
2020-07-02,02-07-2020,672.8840332,680.7548349,654.0298049,655.7639988,17263756.0
2020-07-03,03-07-2020,678.3092041,679.4653516,669.2377972,671.4611786,7796572.0
2020-07-06,06-07-2020,679.465271,689.2481479,677.2418899,680.5325048,8810958.0
2020-07-07,07-07-2020,706.2792969,708.769473,680.8437833,684.2678229,19362533.0
2020-07-08,08-07-2020,688.9813843,698.0527905,686.7580031,698.0527905,8476642.0
2020-07-09,09-07-2020,695.2068481,702.5884629,689.2481756,693.6949381,6854166.0
2020-07-10,10-07-2020,695.34021,702.4995408,687.9141385,687.9141385,5206452.0
2020-07-13,13-07-2020,708.8583374,716.2399517,699.0754608,700.8097088,10804688.0
2020-07-14,14-07-2020,696.5852661,717.1737959,694.8954748,705.2119952,8961822.0
2020-07-15,15-07-2020,739.0075684,754.5712392,706.8574495,710.5927414,30060599.0
2020-07-16,16-07-2020,810.2001953,849.7763849,795.3035397,800.5062305,90432109.0
2020-07-17,17-07-2020,803.2186279,818.1152804,793.4357517,810.2000224,31682878.0
2020-07-20,20-07-2020,830.921936,840.4380176,806.4202883,807.976655,18421053.0
2020-07-21,21-07-2020,833.1009521,844.6180778,826.3863516,840.4381103,12877784.0
2020-07-22,22-07-2020,816.3366089,835.1019233,809.310703,835.0574665,14354201.0
2020-07-23,23-07-2020,807.4876709,814.4690668,800.995408,814.3356965,13051307.0
2020-07-24,24-07-2020,820.7388306,823.3179742,803.3075455,803.3075455,18209580.0
2020-07-27,27-07-2020,843.5063477,847.3750091,817.0036553,819.5827449,16827870.0
2020-07-28,28-07-2020,856.3129272,860.4928943,837.0584806,841.3273612,15818463.0
2020-07-29,29-07-2020,848.5756226,853.7783124,839.1929112,847.7751837,11152710.0
2020-07-30,30-07-2020,855.0681152,865.0288758,852.6668522,855.5572483,12492320.0
2020-07-31,31-07-2020,859.1144409,877.3017088,847.8196543,862.0048363,12704346.0
2020-08-03,03-08-2020,851.0213623,858.580858,842.616971,853.7783331,8479792.0
2020-08-04,04-08-2020,844.7514038,863.294435,836.4804369,854.1785724,11133170.0
2020-08-05,05-08-2020,840.1713257,854.6233039,834.4794479,846.6635881,9614176.0
2020-08-06,06-08-2020,863.4278564,866.5851013,838.2147347,847.9976122,10976491.0
2020-08-07,07-08-2020,845.6853027,862.1827805,843.9955113,862.1827805,8010948.0
2020-08-10,10-08-2020,846.0853882,850.9323696,840.704817,843.9065182,5716319.0
2020-08-11,11-08-2020,843.5063477,855.5570626,841.4163368,844.7959196,6802442.0
2020-08-12,12-08-2020,849.2871704,852.7111558,837.9479262,843.1061598,6908726.0
2020-08-13,13-08-2020,845.9520874,861.3378744,843.3284867,849.1537346,5097703.0
2020-08-14,14-08-2020,848.0864868,856.4464217,846.7080014,850.0875299,4663873.0
2020-08-17,17-08-2020,851.5549316,864.850761,848.5311117,848.5311117,9008210.0
2020-08-18,18-08-2020,860.493042,861.9604954,852.6222937,857.2469378,6141761.0
2020-08-19,19-08-2020,853.1558838,864.0504524,851.5106033,863.4724059,6622744.0
2020-08-20,20-08-2020,849.4649658,858.6697414,846.0409265,852.8000373,5656501.0
2020-08-21,21-08-2020,843.8175049,856.8465386,841.8164621,856.490776,6513773.0
2020-08-24,24-08-2020,842.5725708,846.6635705,835.2798695,842.2168081,5798574.0
2020-08-25,25-08-2020,834.3015137,843.6842255,830.2994276,842.6614484,6233918.0
2020-08-26,26-08-2020,845.5962524,848.6645291,834.5683152,837.1029479,5153601.0
2020-08-27,27-08-2020,842.2611694,854.6231894,840.6158892,853.7782937,6154280.0
2020-08-28,28-08-2020,831.7668457,847.1081749,829.8102595,846.1743657,7593610.0
2020-08-31,31-08-2020,825.8526611,845.3295014,813.4017269,831.7668766,12808355.0
2020-09-01,01-09-2020,813.0015259,831.5445019,811.17831,823.7626683,6907773.0
2020-09-02,02-09-2020,821.7617188,823.8961865,812.4235174,813.7575462,5678118.0
2020-09-03,03-09-2020,832.0336914,844.3512557,821.7616812,823.9850624,8827948.0
2020-09-04,04-09-2020,817.4483643,826.6531408,813.2683967,813.7575297,8650342.0
2020-09-07,07-09-2020,822.6955566,824.918938,812.0233262,817.2260711,6700385.0
2020-09-08,08-09-2020,835.3688354,846.6636236,823.1402379,827.0534109,12891964.0
2020-09-09,09-09-2020,825.0967407,841.327423,823.5403739,831.544546,5528947.0
2020-09-10,10-09-2020,836.0357666,837.7700147,822.4731416,831.8113424,5171884.0
2020-09-11,11-09-2020,841.0605469,848.5755853,827.9870562,831.4555521,6671903.0
2020-09-14,14-09-2020,870.1424561,881.3927319,843.3729148,851.110292,21871587.0
2020-09-15,15-09-2020,873.7442017,884.0162101,864.1392074,871.1206014,11608203.0
2020-09-16,16-09-2020,890.9088745,894.377371,873.3441625,876.9015725,10059251.0
2020-09-17,17-09-2020,899.1353149,908.0288393,884.9056759,884.9056759,15628241.0
2020-09-18,18-09-2020,891.2645874,906.0722733,888.552019,899.1353349,12897633.0
2020-09-21,21-09-2020,898.1570435,916.9223581,889.7971089,890.2417851,14140637.0
2020-09-22,22-09-2020,896.022522,909.3628077,881.526089,897.3565505,12625762.0
2020-09-23,23-09-2020,906.9171753,922.2585053,896.5561974,907.272938,13486204.0
2020-09-24,24-09-2020,867.4743652,897.3565846,862.6718405,892.0204701,14427432.0
2020-09-25,25-09-2020,899.5356445,902.6039217,867.1187333,867.8302045,13311078.0
2020-09-28,28-09-2020,898.6016235,903.7153995,888.018309,902.5147413,8554526.0
2020-09-29,29-09-2020,897.3566895,914.2543873,892.9988404,905.3608621,8708463.0
2020-09-30,30-09-2020,896.6895752,910.652419,893.7991798,897.3565895,8048817.0
2020-10-01,01-10-2020,905.0494995,912.9202466,899.8022986,907.6730457,5563358.0
2020-10-05,05-10-2020,932.6638184,938.1778684,905.4051999,905.4051999,14212509.0
2020-10-06,06-10-2020,938.9337769,942.7135245,917.233557,938.2667626,9090819.0
2020-10-07,07-10-2020,948.5389404,953.3858681,920.9245022,929.2844373,9284008.0
2020-10-08,08-10-2020,972.6847534,999.6321767,967.9712505,969.3941927,21482613.0
2020-10-09,09-10-2020,984.3352051,990.1159952,968.0155029,973.9297176,10567867.0
2020-10-12,12-10-2020,1006.835693,1013.861598,989.0486478,998.7426093,14633537.0
2020-10-13,13-10-2020,1029.692139,1037.029295,1009.90405,1009.90405,17523825.0
2020-10-14,14-10-2020,1011.193542,1036.006493,1005.946342,1033.427349,16649573.0
2020-10-15,15-10-2020,985.6247559,1054.771902,971.6174561,1049.435788,44288251.0
2020-10-16,16-10-2020,1002.744812,1010.259796,975.5306508,990.6051303,18365685.0
2020-10-19,19-10-2020,1001.32196,1012.972456,991.894846,1009.415046,12902123.0
2020-10-20,20-10-2020,1011.638428,1018.041722,987.181235,995.0964936,10448776.0
2020-10-21,21-10-2020,1021.28772,1026.623834,1009.414888,1014.884426,19811433.0
2020-10-22,22-10-2020,1004.123291,1029.869998,999.4541913,1015.64036,11271335.0
2020-10-23,23-10-2020,1009.022339,1020.258668,1006.909931,1018.460855,9069862.0
2020-10-26,26-10-2020,999.9883423,1015.404608,991.6285789,1008.797669,6309368.0
2020-10-27,27-10-2020,980.5719604,997.516323,968.2569875,993.9206977,10172479.0
2020-10-28,28-10-2020,967.7176514,993.0667659,961.8747602,984.7518824,7608392.0
2020-10-29,29-10-2020,966.1894531,972.6166554,952.9305847,961.8297793,6935616.0
2020-10-30,30-10-2020,953.3799438,974.0547875,945.9639673,963.627497,8800386.0
2020-11-02,02-11-2020,963.8972778,970.7738233,944.8403983,957.3352179,7183119.0
2020-11-03,03-11-2020,955.1331177,970.2796698,950.5935961,963.62774,7204782.0
2020-11-04,04-11-2020,983.3586426,1003.179573,958.9534209,960.0320647,15702690.0
2020-11-05,05-11-2020,992.3927612,1009.471984,987.8982288,997.6963314,9568890.0
2020-11-06,06-11-2020,1000.258057,1007.763903,981.3360338,995.9882514,8807127.0
2020-11-09,09-11-2020,1021.6521,1030.146721,1007.808919,1015.135028,10160320.0
2020-11-10,10-11-2020,980.7518311,1001.24683,969.0210591,1001.24683,15622869.0
2020-11-11,11-11-2020,1009.022339,1012.483106,977.1111647,985.2013215,12514800.0
2020-11-12,12-11-2020,1004.752625,1026.551105,1001.156999,1014.056284,9180976.0
2020-11-13,13-11-2020,1010.550476,1018.460896,1004.078394,1006.775113,6363212.0
2020-11-14,14-11-2020,1018.865601,1024.438887,1016.753192,1022.056763,1136144.0
2020-11-17,17-11-2020,1010.101135,1029.247887,1000.168285,1029.02316,12813968.0
2020-11-18,18-11-2020,998.2808228,1018.191517,990.1006845,1014.416153,9839468.0
2020-11-19,19-11-2020,985.8756714,1002.010999,983.2239412,988.7971174,10092343.0
2020-11-20,20-11-2020,991.8084717,996.8873154,980.796867,994.1905959,8063554.0
2020-11-23,23-11-2020,1024.61853,1029.068183,990.5499527,993.2916614,10546363.0
2020-11-24,24-11-2020,1024.798096,1038.146831,1018.775358,1029.247638,8515426.0
2020-11-25,25-11-2020,1002.86499,1027.899513,998.90978,1022.056621,8958701.0
2020-11-26,26-11-2020,1000.662415,1006.730032,987.2687989,1006.730032,10962256.0
2020-11-27,27-11-2020,988.7970581,1007.674093,980.7069004,1004.977374,25306145.0
2020-12-01,01-12-2020,1022.82074,1024.978137,993.3366724,993.3366724,8933802.0
2020-12-02,02-12-2020,1025.5625,1031.450272,1007.674238,1019.360023,6741637.0
2020-12-03,03-12-2020,1012.573059,1031.045629,1009.20216,1031.045629,16212632.0
2020-12-04,04-12-2020,1019.944214,1022.056622,1002.28068,1011.269745,10564055.0
2020-12-07,07-12-2020,1027.899414,1036.439024,1021.157616,1031.315302,7792141.0
2020-12-08,08-12-2020,1036.753662,1049.023756,1029.247816,1029.247816,12308330.0
2020-12-09,09-12-2020,1056.394531,1060.259872,1040.034482,1049.96744,10039346.0
2020-12-10,10-12-2020,1049.697876,1053.203633,1033.742288,1040.394217,9488782.0
2020-12-11,11-12-2020,1045.608032,1053.473464,1038.461769,1042.461859,10574009.0
2020-12-14,14-12-2020,1046.821533,1054.057664,1032.124325,1051.181207,6728187.0
2020-12-15,15-12-2020,1037.877197,1046.057223,1035.540063,1039.135688,6905926.0
2020-12-16,16-12-2020,1047.855225,1050.731791,1036.978478,1042.731502,7788404.0
2020-12-17,17-12-2020,1042.012329,1050.731788,1039.31561,1048.035068,6658153.0
2020-12-18,18-12-2020,1069.518799,1074.193068,1056.754263,1063.271334,15995676.0
2020-12-21,21-12-2020,1058.282593,1087.452063,1035.585205,1067.900848,10858352.0
2020-12-22,22-12-2020,1097.115234,1100.126549,1057.203769,1062.507339,10901851.0
2020-12-23,23-12-2020,1126.37439,1131.587979,1106.149001,1112.845808,15878346.0
2020-12-24,24-12-2020,1111.093262,1123.543093,1102.059209,1123.543093,7313885.0
2020-12-28,28-12-2020,1114.913574,1121.835109,1111.048233,1113.25051,4607051.0
2020-12-29,29-12-2020,1123.902588,1127.632961,1110.149278,1110.149278,6878105.0
2020-12-30,30-12-2020,1120.756592,1126.599484,1112.981029,1126.329768,5194690.0
2020-12-31,31-12-2020,1128.84668,1131.183814,1113.745009,1117.340634,7430470.0
2021-01-01,01-01-2021,1133.026733,1137.566255,1128.846906,1130.734588,4253550.0
2021-01-04,04-01-2021,1158.016235,1159.589322,1133.655892,1140.712286,7208454.0
2021-01-05,05-01-2021,1163.005005,1167.679274,1146.150512,1152.397867,8145280.0
2021-01-06,06-01-2021,1152.487793,1170.376051,1139.858225,1168.578238,7161715.0
2021-01-07,07-01-2021,1134.554688,1166.465863,1128.576938,1164.982646,10954918.0
2021-01-08,08-01-2021,1179.454956,1183.679882,1149.026999,1149.026999,13186251.0
2021-01-11,11-01-2021,1237.074829,1243.502031,1204.534464,1206.422146,20528626.0
2021-01-12,12-01-2021,1233.074707,1238.692871,1222.512558,1238.692871,8309868.0
2021-01-13,13-01-2021,1246.917847,1251.996689,1222.51252,1234.962349,14442997.0
2021-01-14,14-01-2021,1231.951294,1244.086531,1185.163169,1222.512776,27521697.0
2021-01-15,15-01-2021,1208.984375,1226.513054,1204.534831,1222.512963,15018441.0
2021-01-18,18-01-2021,1179.410034,1204.534421,1173.971607,1202.736608,8861765.0
2021-01-19,19-01-2021,1183.545166,1196.444451,1179.365229,1186.556481,5585744.0
2021-01-20,20-01-2021,1204.040283,1212.085562,1187.051038,1187.051038,8225838.0
2021-01-21,21-01-2021,1204.264893,1223.456633,1200.040076,1213.523673,6142421.0
2021-01-22,22-01-2021,1205.298584,1218.917037,1192.444289,1192.848753,9646591.0
2021-01-25,25-01-2021,1191.140625,1211.635731,1180.263882,1209.028881,6542611.0
2021-01-27,27-01-2021,1169.477173,1193.343181,1155.18454,1186.196809,8133665.0
2021-01-28,28-01-2021,1147.184326,1165.387181,1143.903406,1161.207354,4660690.0
2021-01-29,29-01-2021,1113.790039,1160.623041,1106.553799,1156.218378,12183519.0
2021-02-01,01-02-2021,1133.43103,1148.757318,1115.542772,1124.127372,8880279.0
2021-02-02,02-02-2021,1142.734863,1163.54457,1135.858207,1150.600295,6892490.0
2021-02-03,03-02-2021,1154.780029,1172.173845,1144.307749,1148.487685,8182968.0
2021-02-04,04-02-2021,1150.015747,1162.645424,1143.453797,1155.09459,5032240.0
2021-02-05,05-02-2021,1143.498779,1158.465592,1134.419847,1156.353184,5477481.0
2021-02-08,08-02-2021,1171.769531,1177.567434,1146.555162,1155.544226,6921922.0
2021-02-09,09-02-2021,1173.567139,1197.343166,1166.645494,1174.78064,7965949.0
2021-02-10,10-02-2021,1165.432007,1172.488399,1153.836094,1164.802816,5951207.0
2021-02-11,11-02-2021,1161.971436,1164.98275,1153.341956,1158.690405,4673317.0
2021-02-12,12-02-2021,1177.387573,1189.927273,1169.971596,1173.072779,5797875.0
2021-02-15,15-02-2021,1177.252686,1194.107179,1174.960431,1186.556344,4363513.0
2021-02-16,16-02-2021,1159.948853,1186.331734,1155.993642,1181.163022,6896421.0
2021-02-17,17-02-2021,1151.768799,1163.634319,1146.105645,1159.948825,4575741.0
2021-02-18,18-02-2021,1161.791504,1173.971729,1146.105632,1147.004538,6437551.0
2021-02-19,19-02-2021,1160.757813,1168.128801,1147.72367,1165.072497,5389696.0
2021-02-22,22-02-2021,1137.296387,1176.264069,1132.622117,1164.083843,7371303.0
2021-02-23,23-02-2021,1138.330078,1160.488142,1130.419768,1142.644873,6612942.0
2021-02-24,24-02-2021,1145.476685,1147.544104,1125.431024,1132.667266,4537258.0
2021-02-25,25-02-2021,1145.701172,1168.353569,1143.408917,1158.195883,8788221.0
2021-02-26,26-02-2021,1126.599365,1145.476398,1118.913672,1140.712151,15132388.0
2021-03-01,01-03-2021,1138.914307,1154.645167,1131.723056,1135.588397,5756286.0
2021-03-02,02-03-2021,1172.623413,1177.567398,1149.881037,1152.622745,10461434.0
2021-03-03,03-03-2021,1207.725586,1210.826769,1175.769424,1185.83713,9056399.0
2021-03-04,04-03-2021,1195.859985,1225.973347,1191.859896,1200.039922,12041941.0
2021-03-05,05-03-2021,1183.589844,1204.534404,1173.117673,1194.196982,6486176.0
2021-03-08,08-03-2021,1200.714355,1210.018016,1184.039596,1190.871373,5119392.0
2021-03-09,09-03-2021,1209.523438,1213.927991,1185.432704,1195.095947,6518173.0
2021-03-10,10-03-2021,1229.838867,1235.097448,1218.018226,1219.72617,7925984.0
2021-03-12,12-03-2021,1235.86145,1251.008001,1231.546765,1234.198495,9462061.0
2021-03-15,15-03-2021,1234.737793,1240.400947,1221.164328,1231.501752,6658635.0
2021-03-16,16-03-2021,1244.086304,1263.862242,1240.940132,1245.929105,9352771.0
2021-03-17,17-03-2021,1246.782959,1258.46874,1242.288428,1251.502217,7626744.0
2021-03-18,18-03-2021,1201.927612,1252.850677,1180.713445,1252.850677,10961755.0
2021-03-19,19-03-2021,1208.534546,1218.197789,1184.758518,1195.545394,12767112.0
2021-03-22,22-03-2021,1232.220947,1236.895217,1201.028829,1213.613519,4862758.0
2021-03-23,23-03-2021,1232.895264,1243.412426,1222.153265,1233.704192,7165335.0
2021-03-24,24-03-2021,1216.894531,1231.906224,1210.152733,1220.580026,6134303.0
2021-03-25,25-03-2021,1198.961548,1215.771056,1193.388262,1210.602343,8749994.0
2021-03-26,26-03-2021,1201.11853,1219.546109,1197.343168,1208.759234,4922071.0
2021-03-30,30-03-2021,1245.255249,1258.469131,1201.073972,1210.737217,10546381.0
2021-03-31,31-03-2021,1229.749023,1247.682163,1225.479218,1242.288725,8220987.0
2021-04-01,01-04-2021,1245.164917,1250.917939,1232.400492,1240.490648,5675155.0
2021-04-05,05-04-2021,1267.368164,1280.941629,1246.783185,1250.378811,9479572.0
2021-04-06,06-04-2021,1268.401855,1281.840462,1264.266798,1279.143743,5793571.0
2021-04-07,07-04-2021,1285.615967,1289.885772,1264.401796,1267.682827,5879234.0
2021-04-08,08-04-2021,1294.290283,1304.942301,1277.34592,1285.436078,5654434.0
2021-04-09,09-04-2021,1295.369141,1307.908841,1285.48117,1307.908841,6052712.0
2021-04-12,12-04-2021,1281.615845,1328.179242,1271.952601,1324.98808,20384532.0
2021-04-13,13-04-2021,1255.90686,1290.155166,1235.996065,1288.132627,14855206.0
2021-04-15,15-04-2021,1223.186768,1228.26561,1186.556335,1197.612927,25342491.0
2021-04-16,16-04-2021,1216.894531,1232.265809,1210.467329,1227.007228,10879878.0
2021-04-19,19-04-2021,1224.805054,1240.221212,1197.658012,1204.534669,12508028.0
2021-04-20,20-04-2021,1214.737183,1239.591967,1206.692014,1239.591967,8560766.0
2021-04-22,22-04-2021,1214.512329,1226.827412,1209.16388,1218.512528,6622446.0
2021-04-23,23-04-2021,1198.961548,1212.085561,1196.444566,1207.231444,7316262.0
2021-04-26,26-04-2021,1207.725586,1214.69211,1187.455205,1197.567901,7088606.0
2021-04-27,27-04-2021,1212.175293,1216.220372,1204.669446,1209.928027,3636115.0
2021-04-28,28-04-2021,1218.917114,1222.063287,1208.669559,1220.714927,4879234.0
2021-04-29,29-04-2021,1219.231689,1230.602878,1214.782147,1229.703971,5412357.0
2021-04-30,30-04-2021,1217.433838,1235.007502,1209.838123,1210.197707,8354677.0
2021-05-03,03-05-2021,1215.366455,1223.411624,1202.736776,1205.253758,4560337.0
2021-05-04,04-05-2021,1195.006226,1217.973219,1190.241978,1217.119302,4887060.0
2021-05-05,05-05-2021,1205.882813,1208.04021,1193.56784,1205.523228,3939788.0
2021-05-06,06-05-2021,1223.95105,1226.737638,1202.197557,1209.029224,4810090.0
2021-05-07,07-05-2021,1215.815918,1234.2435,1212.175303,1227.276975,4991435.0
2021-05-10,10-05-2021,1204.130005,1216.130382,1200.084926,1213.388674,7195348.0
2021-05-11,11-05-2021,1196.129761,1205.43342,1191.140787,1201.747925,6420988.0
2021-05-12,12-05-2021,1192.848755,1195.545474,1181.612425,1195.545474,5241898.0
2021-05-14,14-05-2021,1183.320313,1192.71384,1178.735912,1192.71384,4824609.0
2021-05-17,17-05-2021,1195.006226,1199.99509,1186.826199,1186.826199,5017129.0
2021-05-18,18-05-2021,1204.534668,1208.669616,1195.09615,1202.736855,5620150.0
2021-05-19,19-05-2021,1201.837646,1220.220235,1198.466748,1206.332178,4435878.0
2021-05-20,20-05-2021,1203.905273,1212.71449,1200.039932,1212.085299,4490092.0
2021-05-21,21-05-2021,1217.568359,1220.265078,1210.242252,1211.276016,4969733.0
2021-05-24,24-05-2021,1211.77063,1225.209235,1209.118791,1219.501202,4225371.0
2021-05-25,25-05-2021,1223.95105,1229.704073,1217.523846,1220.715008,4099340.0
2021-05-26,26-05-2021,1255.997192,1258.469185,1224.355725,1229.614307,6850024.0
2021-05-27,27-05-2021,1260.491699,1273.076391,1251.008191,1262.244523,15365391.0
2021-05-28,28-05-2021,1263.008545,1271.053714,1254.963266,1267.233361,4261312.0
2021-05-31,31-05-2021,1266.370239,1273.411939,1256.60272,1273.411939,4429904.0
2021-06-01,01-06-2021,1260.418823,1272.957637,1252.650305,1272.04903,4791325.0
2021-06-02,02-06-2021,1252.650391,1264.734791,1240.24789,1254.558442,9272276.0
2021-06-03,03-06-2021,1262.64502,1271.140468,1251.1966,1261.236635,5115645.0
2021-06-04,04-06-2021,1259.01062,1269.232443,1251.741768,1266.551988,4194328.0
2021-06-07,07-06-2021,1262.64502,1264.780223,1251.423752,1263.871616,5154576.0
2021-06-08,08-06-2021,1283.81543,1291.811211,1268.005766,1268.414595,7360630.0
2021-06-09,09-06-2021,1285.950684,1294.764121,1276.228529,1284.224309,5394317.0
2021-06-10,10-06-2021,1294.128174,1298.39858,1289.312515,1293.855548,3496575.0
2021-06-11,11-06-2021,1314.66272,1318.933126,1298.80747,1299.398087,6140828.0
2021-06-14,14-06-2021,1328.200806,1342.011578,1320.613854,1336.55994,7132294.0
2021-06-15,15-06-2021,1339.194946,1341.102997,1329.291115,1330.199721,5403104.0
2021-06-16,16-06-2021,1345.282715,1353.32386,1333.379992,1338.104702,7661710.0
2021-06-17,17-06-2021,1358.639282,1365.317518,1340.285365,1340.285365,7677951.0
2021-06-18,18-06-2021,1365.908203,1377.265784,1351.461338,1371.087216,13533974.0
2021-06-21,21-06-2021,1363.182373,1368.179709,1348.55372,1356.549501,5454052.0
2021-06-22,22-06-2021,1373.676758,1382.399358,1364.817844,1371.723232,6427862.0
2021-06-23,23-06-2021,1365.772095,1385.625128,1361.683365,1385.625128,5529809.0
2021-06-24,24-06-2021,1416.698975,1425.37621,1373.08587,1378.355831,10785137.0
2021-06-25,25-06-2021,1430.328125,1433.780874,1401.97965,1428.329235,9780240.0
2021-06-28,28-06-2021,1428.147705,1435.734547,1417.971246,1429.14715,5019178.0
2021-06-29,29-06-2021,1420.19751,1429.828717,1416.699286,1418.334822,5913567.0
2021-06-30,30-06-2021,1436.325195,1445.592937,1428.374888,1428.374888,6058722.0
2021-07-01,01-07-2021,1417.789307,1432.735836,1416.56271,1432.735836,4814317.0
2021-07-02,02-07-2021,1424.513306,1426.012418,1401.616355,1416.472049,5166064.0
2021-07-05,05-07-2021,1434.644165,1440.141279,1418.380198,1425.739888,4058338.0
2021-07-06,06-07-2021,1419.425171,1441.731507,1414.791299,1429.874147,4089574.0
2021-07-07,07-07-2021,1421.605713,1427.011988,1403.479058,1422.923259,4797120.0
2021-07-08,08-07-2021,1418.107422,1431.963669,1407.431297,1424.694818,3326813.0
2021-07-09,09-07-2021,1420.061035,1426.42128,1409.248596,1413.791629,3436594.0
2021-07-12,12-07-2021,1406.386597,1433.781106,1393.575267,1427.012031,4588982.0
2021-07-13,13-07-2021,1403.751465,1414.155075,1395.892108,1414.155075,4456160.0
2021-07-14,14-07-2021,1432.781494,1438.142294,1397.52752,1411.974385,5657716.0
2021-07-15,15-07-2021,1436.325195,1450.908263,1413.79171,1415.518084,10021355.0
2021-07-16,16-07-2021,1413.29187,1430.737181,1407.976545,1429.919413,6265593.0
2021-07-19,19-07-2021,1400.798584,1410.975043,1397.027956,1403.524403,5669162.0
2021-07-20,20-07-2021,1408.385498,1415.336249,1397.436746,1397.709372,5069939.0
2021-07-22,22-07-2021,1444.865845,1447.273674,1418.698047,1418.698047,7854575.0
2021-07-23,23-07-2021,1445.093018,1452.407344,1440.186632,1443.366754,4179719.0
2021-07-26,26-07-2021,1457.313965,1464.355665,1448.409577,1448.409577,4586710.0
2021-07-27,27-07-2021,1456.087402,1462.220496,1451.86236,1458.313444,5892859.0
2021-07-28,28-07-2021,1458.858398,1460.675611,1440.595432,1458.404095,4686788.0
2021-07-29,29-07-2021,1469.216797,1471.942617,1453.861324,1453.861324,4660873.0
2021-07-30,30-07-2021,1463.310669,1475.031714,1459.358253,1462.856366,6234257.0
2021-08-02,02-08-2021,1482.43689,1485.344386,1471.215511,1478.711514,5553389.0
2021-08-03,03-08-2021,1503.925293,1507.060052,1486.116629,1496.474765,5513668.0
2021-08-04,04-08-2021,1498.519165,1526.367974,1489.251424,1516.554981,6740391.0
2021-08-05,05-08-2021,1502.426392,1513.738499,1496.520449,1498.746491,5420536.0
2021-08-06,06-08-2021,1499.382446,1508.877451,1493.74913,1505.561015,3754855.0
2021-08-09,09-08-2021,1511.285156,1515.055784,1495.929685,1509.195317,5018477.0
2021-08-10,10-08-2021,1523.960205,1526.458873,1509.240825,1515.555595,6846517.0
2021-08-11,11-08-2021,1524.232788,1530.093255,1515.555552,1521.73412,4899639.0
2021-08-12,12-08-2021,1535.181519,1541.450926,1521.007279,1525.686625,5659579.0
2021-08-13,13-08-2021,1555.716064,1565.074756,1536.726277,1541.905289,5612790.0
2021-08-16,16-08-2021,1548.628784,1562.757547,1535.635668,1551.627119,4564109.0
2021-08-17,17-08-2021,1582.474365,1589.061762,1532.410175,1548.174473,9510390.0
2021-08-18,18-08-2021,1575.023804,1595.05862,1569.163336,1570.980549,6686090.0
2021-08-20,20-08-2021,1574.569458,1585.51821,1559.259462,1559.259462,6206972.0
2021-08-23,23-08-2021,1579.8396,1592.923556,1573.706506,1577.11378,6189051.0
2021-08-24,24-08-2021,1563.575562,1596.421711,1556.170396,1590.061465,7602939.0
2021-08-25,25-08-2021,1576.932007,1587.244668,1560.985919,1560.985919,6153253.0
2021-08-26,26-08-2021,1569.799316,1586.426859,1562.803091,1575.523581,5302248.0
2021-08-27,27-08-2021,1552.626831,1569.799405,1549.355759,1567.346212,6698514.0
2021-08-30,30-08-2021,1542.859253,1561.576524,1535.908391,1547.402285,6559667.0
2021-08-31,31-08-2021,1550.491455,1558.260085,1531.774184,1544.767301,12255438.0
2021-09-01,01-09-2021,1524.414429,1553.262683,1520.234861,1553.262683,7801974.0
2021-09-02,02-09-2021,1534.727051,1539.451871,1510.694456,1524.050926,6830050.0
2021-09-03,03-09-2021,1545.221558,1550.037105,1530.456703,1541.04199,5339139.0
2021-09-06,06-09-2021,1572.252563,1573.706312,1544.04029,1549.310251,4876026.0
2021-09-07,07-09-2021,1550.67334,1576.341474,1548.26551,1571.88928,3520341.0
2021-09-08,08-09-2021,1538.497925,1545.403312,1529.139234,1545.403312,4584896.0
2021-09-09,09-09-2021,1536.998779,1539.997225,1528.412492,1531.819766,3331674.0
2021-09-13,13-09-2021,1537.271362,1545.993963,1522.097567,1529.184742,4662374.0
2021-09-14,14-09-2021,1532.046997,1540.951275,1525.186973,1540.951275,4945167.0
2021-09-15,15-09-2021,1555.034546,1558.350982,1535.726658,1538.497952,4062344.0
2021-09-16,16-09-2021,1546.675415,1562.121726,1536.86242,1558.441825,3246568.0
2021-09-17,17-09-2021,1536.726196,1560.985945,1530.502153,1541.905209,7454864.0
2021-09-20,20-09-2021,1533.591431,1551.627247,1524.596204,1531.001924,5660743.0
2021-09-21,21-09-2021,1561.394653,1568.936131,1530.683823,1544.630909,4672222.0
2021-09-22,22-09-2021,1559.98645,1579.975792,1556.488338,1560.077289,4553892.0
2021-09-23,23-09-2021,1583.292236,1585.518278,1563.802561,1573.706394,3826090.0
2021-09-24,24-09-2021,1602.645508,1624.588376,1592.287372,1597.330182,8280446.0
2021-09-27,27-09-2021,1563.848145,1607.324945,1561.07685,1607.097793,5045337.0
2021-09-28,28-09-2021,1532.909912,1553.717022,1521.915796,1553.717022,6557197.0
2021-09-29,29-09-2021,1537.589355,1545.903127,1503.743763,1507.605341,7792548.0
2021-09-30,30-09-2021,1522.097412,1547.356715,1517.463542,1547.356715,6914031.0
2021-10-01,01-10-2021,1512.966187,1525.50489,1509.422599,1512.920712,5733906.0
2021-10-04,04-10-2021,1525.32312,1533.72773,1513.193246,1519.64433,2947154.0
2021-10-05,05-10-2021,1538.088989,1547.311256,1511.012474,1518.281325,4373310.0
2021-10-06,06-10-2021,1520.598389,1552.808443,1517.372791,1546.539037,4271698.0
2021-10-07,07-10-2021,1536.453613,1548.447175,1523.415132,1532.819187,5476108.0
2021-10-08,08-10-2021,1566.30127,1573.252131,1543.177279,1549.401211,4738376.0
2021-10-11,11-10-2021,1536.407959,1571.889084,1511.648434,1528.275976,8840633.0
2021-10-12,12-10-2021,1531.138062,1534.636174,1510.103802,1523.732897,7439300.0
2021-10-13,13-10-2021,1552.990112,1557.033478,1526.504323,1540.951077,7104171.0
2021-10-14,14-10-2021,1558.94165,1620.590581,1542.995561,1593.69585,19655776.0
2021-10-18,18-10-2021,1628.359131,1634.583063,1580.975281,1580.975281,13438109.0
2021-10-19,19-10-2021,1655.617432,1666.8387,1619.409483,1648.212266,10324260.0
2021-10-20,20-10-2021,1637.626953,1679.104863,1630.085585,1662.204804,5876115.0
2021-10-21,21-10-2021,1593.377808,1648.212188,1587.199239,1648.212188,8779629.0
2021-10-22,22-10-2021,1562.62146,1602.054892,1550.991253,1589.970493,7369809.0
2021-10-25,25-10-2021,1551.491089,1571.662109,1533.000858,1564.665883,5905209.0
2021-10-26,26-10-2021,1561.71167,1582.70318,1554.561798,1567.532543,5871709.0
2021-10-27,27-10-2021,1584.8573,1589.623993,1559.37425,1566.661644,5090259.0
2021-10-28,28-10-2021,1561.89502,1581.007334,1551.032635,1576.057354,5329972.0
2021-10-29,29-10-2021,1528.757935,1569.870065,1522.616364,1557.403526,5875091.0
2021-11-01,01-11-2021,1558.366089,1564.920111,1536.320396,1537.695385,3636806.0
2021-11-02,02-11-2021,1556.39502,1564.232385,1545.807565,1553.736687,3471772.0
2021-11-03,03-11-2021,1560.611694,1574.315699,1557.403388,1566.569977,3530713.0
2021-11-04,04-11-2021,1566.294922,1573.903235,1562.903329,1572.069917,483407.0
2021-11-08,08-11-2021,1592.694824,1595.90313,1561.070092,1585.819883,5245903.0
2021-11-09,09-11-2021,1597.278076,1604.153018,1582.153205,1590.17397,4016134.0
2021-11-10,10-11-2021,1595.124023,1605.023873,1578.440764,1582.153277,4780368.0
2021-11-11,11-11-2021,1588.844971,1594.757376,1566.570114,1588.524051,4731349.0
2021-11-12,12-11-2021,1631.83606,1634.265228,1593.198978,1597.736395,5069009.0
2021-11-15,15-11-2021,1638.207031,1649.986076,1627.527932,1633.577859,4354074.0
2021-11-16,16-11-2021,1642.927734,1658.190015,1628.902809,1640.819374,6034233.0
2021-11-17,17-11-2021,1638.481812,1651.819243,1632.294364,1643.156861,4732492.0
2021-11-18,18-11-2021,1631.102783,1640.315138,1612.40292,1633.119388,4326924.0
2021-11-22,22-11-2021,1612.769653,1636.602784,1605.207218,1635.319439,6621839.0
2021-11-23,23-11-2021,1592.144897,1601.632295,1567.48675,1590.494867,8436160.0
2021-11-24,24-11-2021,1554.653442,1595.444762,1547.320171,1594.986433,7333061.0
2021-11-25,25-11-2021,1578.853271,1582.336508,1555.524236,1558.32009,4476260.0
2021-11-26,26-11-2021,1550.666016,1575.140763,1543.653553,1560.65762,4494181.0
2021-11-29,29-11-2021,1554.974243,1569.319977,1530.041167,1550.070141,3942776.0
2021-11-30,30-11-2021,1569.915771,1585.728136,1558.365893,1562.490857,14808963.0
2021-12-01,01-12-2021,1571.978394,1596.728184,1570.236719,1572.070037,5193264.0
2021-12-02,02-12-2021,1602.54895,1604.611433,1568.724214,1572.070041,5559574.0
2021-12-03,03-12-2021,1590.907349,1637.748595,1588.157372,1623.494504,6754012.0
2021-12-06,06-12-2021,1554.011841,1589.440617,1550.528492,1585.819859,3991449.0
2021-12-07,07-12-2021,1568.999146,1581.144875,1552.820094,1559.32835,4202122.0
2021-12-08,08-12-2021,1607.223877,1613.136394,1588.203205,1588.569891,3029169.0
2021-12-09,09-12-2021,1616.482056,1621.936243,1596.819767,1612.402968,2082171.0
2021-12-10,10-12-2021,1612.63208,1616.757045,1600.48635,1613.319574,1823469.0
2021-12-13,13-12-2021,1599.249023,1623.723772,1593.886591,1619.782206,4040584.0
2021-12-14,14-12-2021,1606.123779,1616.069505,1567.807396,1586.644779,4768144.0
2021-12-15,15-12-2021,1589.6698,1602.27386,1577.753234,1599.569761,3053149.0
2021-12-16,16-12-2021,1623.952881,1629.452834,1611.486342,1615.748828,4481031.0
2021-12-17,17-12-2021,1669.098511,1688.485871,1656.173641,1668.319373,18887243.0
2021-12-20,20-12-2021,1648.977661,1677.164921,1638.344441,1651.544239,5773891.0
2021-12-21,21-12-2021,1660.619385,1684.819204,1650.902822,1650.902822,5353584.0
2021-12-22,22-12-2021,1672.627319,1676.706518,1661.306605,1672.902362,4156428.0
2021-12-23,23-12-2021,1702.785645,1706.45228,1674.735903,1678.631704,4112933.0
2021-12-24,24-12-2021,1708.193726,1719.422796,1699.485467,1716.856107,3780347.0
2021-12-27,27-12-2021,1710.623047,1718.277126,1691.281566,1704.985572,2647733.0
2021-12-28,28-12-2021,1730.6521,1737.893728,1721.852196,1723.960445,3340933.0
2021-12-29,29-12-2021,1728.40625,1735.968686,1720.018799,1726.527054,3236635.0
2021-12-30,30-12-2021,1735.097778,1750.635214,1718.139589,1727.443699,4584738.0
2021-12-31,31-12-2021,1730.422852,1740.139414,1715.664666,1732.485334,4619420.0
2022-01-03,03-01-2022,1740.231079,1754.531048,1730.422873,1730.422873,3329616.0
2022-01-04,04-01-2022,1740.872803,1747.747745,1721.485444,1740.231074,3921999.0
2022-01-05,05-01-2022,1690.914795,1744.310174,1686.652309,1741.651841,6995719.0
2022-01-06,06-01-2022,1666.302612,1675.652488,1649.986039,1675.652488,6449205.0
2022-01-07,07-01-2022,1663.094238,1682.985691,1656.219297,1664.148306,4834389.0
2022-01-10,10-01-2022,1696.506592,1714.060633,1661.902716,1663.736034,7857560.0
2022-01-11,11-01-2022,1700.952026,1714.151935,1695.956281,1700.402053,5142287.0
2022-01-12,12-01-2022,1720.981079,1731.568533,1704.985427,1713.143713,5362535.0
2022-01-13,13-01-2022,1738.718628,1753.110128,1710.806298,1746.235186,14277630.0
2022-01-14,14-01-2022,1768.555664,1771.901491,1724.235233,1725.151892,7688506.0
2022-01-17,17-01-2022,1777.859863,1791.059773,1769.609934,1776.989082,5262464.0
2022-01-18,18-01-2022,1760.672607,1782.901586,1752.147635,1761.910075,3690315.0
2022-01-19,19-01-2022,1711.447998,1756.318405,1707.597964,1756.318405,5747770.0
2022-01-20,20-01-2022,1671.710815,1693.985672,1664.194257,1690.319036,5533463.0
2022-01-21,21-01-2022,1636.877808,1657.319347,1627.986261,1645.40278,8252758.0
2022-01-24,24-01-2022,1592.053223,1621.248786,1583.98658,1617.902959,7116712.0
2022-01-25,25-01-2022,1578.624268,1594.986608,1558.778578,1582.703355,9137653.0
2022-01-27,27-01-2022,1538.703613,1567.211683,1526.237075,1560.153454,11231734.0
2022-01-28,28-01-2022,1545.670044,1583.573975,1539.528475,1540.903463,10998502.0
2022-01-31,31-01-2022,1591.503296,1603.694905,1572.390978,1574.820147,8788872.0
2022-02-01,01-02-2022,1624.365356,1631.65275,1590.128059,1618.911169,5119935.0
2022-02-02,02-02-2022,1638.161377,1643.386401,1624.319848,1639.903052,4253717.0
2022-02-03,03-02-2022,1593.657349,1630.736156,1589.486506,1630.736156,3832922.0
2022-02-04,04-02-2022,1595.994629,1607.773672,1567.624084,1587.653056,4700077.0
2022-02-07,07-02-2022,1572.069946,1587.653147,1554.103455,1578.669845,4310209.0
2022-02-08,08-02-2022,1574.178345,1581.236573,1554.653466,1567.48669,6053401.0
2022-02-09,09-02-2022,1592.511597,1597.736508,1581.236647,1590.403236,3867244.0
2022-02-10,10-02-2022,1622.119629,1626.061307,1603.007312,1609.332282,4334630.0
2022-02-11,11-02-2022,1577.890869,1600.440657,1570.236789,1594.986581,7551371.0
2022-02-14,14-02-2022,1542.003418,1575.324056,1538.38266,1549.153402,7459637.0
2022-02-15,15-02-2022,1593.382446,1601.174047,1549.566103,1557.403582,4669915.0
2022-02-16,16-02-2022,1588.844971,1609.148877,1582.932453,1593.382388,5350642.0
2022-02-17,17-02-2022,1581.053223,1603.236322,1576.928258,1598.653028,3937950.0
2022-02-18,18-02-2022,1564.690796,1578.944886,1561.528368,1567.48665,5602215.0
2022-02-21,21-02-2022,1586.461426,1592.511464,1550.528444,1559.236703,5120890.0
2022-02-22,22-02-2022,1589.807373,1605.069766,1550.116109,1558.228518,8878515.0
2022-02-23,23-02-2022,1597.598999,1611.715569,1588.936617,1604.153133,5478811.0
2022-02-24,24-02-2022,1538.29126,1572.024242,1531.278796,1549.24529,13592379.0
2022-02-25,25-02-2022,1553.369995,1584.123943,1537.236822,1572.069857,9737281.0
2022-02-28,28-02-2022,1572.619995,1584.032466,1526.237077,1542.003565,15076542.0
2022-03-02,02-03-2022,1560.886719,1571.519939,1550.0701,1567.486618,6771489.0
2022-03-03,03-03-2022,1577.432373,1589.394816,1563.40756,1576.836522,7344147.0
2022-03-04,04-03-2022,1579.678345,1591.319868,1540.903628,1553.966018,9074499.0
2022-03-07,07-03-2022,1594.848999,1605.069768,1554.653528,1555.570187,9742588.0
2022-03-08,08-03-2022,1630.002686,1649.985893,1575.23232,1575.23232,10984500.0
2022-03-09,09-03-2022,1662.223389,1678.952414,1641.736085,1641.736085,10193515.0
2022-03-10,10-03-2022,1673.727417,1691.006414,1659.335806,1691.006414,6547182.0
2022-03-11,11-03-2022,1670.152466,1678.769082,1660.069218,1662.819195,4758657.0
2022-03-14,14-03-2022,1733.127075,1737.068754,1678.906786,1678.906786,10289724.0
2022-03-15,15-03-2022,1686.010498,1730.972543,1677.485527,1730.972543,7140443.0
2022-03-16,16-03-2022,1731.935425,1736.106156,1694.902381,1709.568924,5233979.0
2022-03-17,17-03-2022,1700.035645,1763.010181,1680.281712,1763.010181,17731459.0
2022-03-21,21-03-2022,1698.614746,1729.643626,1687.660606,1705.902139,8362085.0
2022-03-22,22-03-2022,1730.101929,1732.485219,1685.735618,1695.818865,5709382.0
2022-03-23,23-03-2022,1716.352173,1741.651936,1702.235603,1738.90196,6192824.0
2022-03-24,24-03-2022,1729.460327,1736.701955,1701.456464,1701.456464,3784303.0
2022-03-25,25-03-2022,1720.15625,1736.151903,1703.152183,1734.318585,3438588.0
2022-03-28,28-03-2022,1717.727295,1724.143908,1698.248291,1710.485667,4008555.0
2022-03-29,29-03-2022,1728.818604,1731.935266,1705.48968,1717.727054,3917785.0
2022-03-30,30-03-2022,1745.272583,1759.068344,1737.068531,1750.818414,7795839.0
2022-03-31,31-03-2022,1747.930786,1753.56826,1736.33503,1741.651696,5399145.0
2022-04-01,01-04-2022,1744.90625,1751.093698,1721.760611,1729.597978,6171518.0
2022-04-04,04-04-2022,1726.022827,1735.235294,1716.902116,1732.256152,7364074.0
2022-04-05,05-04-2022,1705.993896,1732.118676,1702.373139,1726.802121,5472024.0
2022-04-06,06-04-2022,1676.431641,1702.693941,1670.290071,1700.402294,5407453.0
2022-04-07,07-04-2022,1660.069336,1675.790059,1656.906907,1669.281803,5797544.0
2022-04-08,08-04-2022,1663.369141,1684.81898,1657.319215,1671.069097,5131446.0
2022-04-11,11-04-2022,1619.32373,1662.819148,1615.657095,1662.819148,8248407.0
2022-04-12,12-04-2022,1597.2323,1611.028061,1583.757458,1611.028061,6456184.0
2022-04-13,13-04-2022,1602.823975,1611.028027,1587.653225,1608.690502,6257693.0
2022-04-18,18-04-2022,1486.270752,1512.487174,1457.48764,1471.695853,30523965.0
2022-04-19,19-04-2022,1431.821167,1500.249775,1420.82126,1500.249775,17044923.0
2022-04-20,20-04-2022,1455.379395,1463.262751,1432.737963,1443.73787,10678747.0
2022-04-21,21-04-2022,1483.887451,1491.587296,1456.800136,1462.070925,7766514.0
2022-04-22,22-04-2022,1453.316772,1476.462409,1450.52103,1470.641648,8134245.0
2022-04-25,25-04-2022,1430.996216,1441.721192,1424.579603,1441.721192,7000570.0
2022-04-26,26-04-2022,1449.237671,1459.320918,1435.991995,1445.754322,5345435.0
2022-04-27,27-04-2022,1423.388062,1441.675363,1421.14218,1441.675363,8819356.0
2022-04-28,28-04-2022,1450.704224,1468.30414,1427.650232,1439.154345,9245177.0
2022-04-29,29-04-2022,1436.908691,1464.179293,1430.721244,1457.487639,9831395.0
2022-05-02,02-05-2022,1412.571411,1423.342154,1403.404822,1421.646357,7072627.0
2022-05-04,04-05-2022,1407.575562,1439.154415,1402.625581,1418.300425,6220959.0
2022-05-05,05-05-2022,1453.041748,1456.937548,1427.650232,1430.033634,6144870.0
2022-05-06,06-05-2022,1414.26709,1431.683608,1407.117218,1420.821223,6171472.0
2022-05-09,09-05-2022,1439.475342,1454.554448,1395.292426,1411.654765,6832202.0
2022-05-10,10-05-2022,1423.571289,1438.375353,1417.200554,1428.154584,6212545.0
2022-05-11,11-05-2022,1399.508911,1420.775352,1385.621507,1420.775352,7846080.0
2022-05-12,12-05-2022,1383.054932,1400.196408,1378.929967,1387.821513,7034979.0
2022-05-13,13-05-2022,1379.021606,1401.800557,1373.246611,1392.679846,6723761.0
2022-05-16,16-05-2022,1364.996704,1385.850693,1355.417664,1384.154897,6145331.0
2022-05-17,17-05-2022,1391.900757,1397.904918,1357.48028,1370.313505,6516378.0
2022-05-18,18-05-2022,1383.421631,1420.546318,1379.846751,1395.15491,6594126.0
2022-05-19,19-05-2022,1308.209839,1360.963494,1299.501579,1357.571901,16561140.0
2022-05-20,20-05-2022,1333.876099,1344.509319,1326.130264,1331.90526,10488908.0
2022-05-23,23-05-2022,1346.022095,1363.988589,1329.201424,1333.830485,5887569.0
2022-05-24,24-05-2022,1320.905396,1347.07605,1315.634607,1346.205157,5693167.0
2022-05-25,25-05-2022,1292.901489,1322.280452,1282.634954,1315.40551,9630092.0
2022-05-26,26-05-2022,1305.276367,1310.822198,1289.784922,1299.822292,13040065.0
2022-05-27,27-05-2022,1339.559448,1344.738593,1317.605513,1323.609561,8284860.0
2022-05-30,30-05-2022,1399.554688,1402.487951,1361.238305,1363.071623,10904213.0
2022-05-31,31-05-2022,1392.884888,1406.22459,1378.572568,1399.462068,16033857.0
2022-06-01,01-06-2022,1369.67981,1403.214246,1363.704675,1401.593104,8738508.0
2022-06-02,02-06-2022,1396.96106,1402.380282,1366.946754,1374.728258,7205840.0
2022-06-03,03-06-2022,1409.6521,1440.500155,1406.224588,1412.616541,9395707.0
2022-06-06,06-06-2022,1417.387451,1423.455085,1383.065519,1404.371953,6624883.0
2022-06-07,07-06-2022,1395.756714,1407.938459,1391.958633,1407.938459,4904592.0
2022-06-08,08-06-2022,1389.550171,1408.262735,1382.139237,1408.262735,4697608.0
2022-06-09,09-06-2022,1403.445557,1405.251926,1372.412272,1375.654556,4361061.0
2022-06-10,10-06-2022,1368.05835,1383.945448,1365.093908,1376.673492,6516436.0
2022-06-13,13-06-2022,1319.609253,1337.302833,1307.751715,1337.302833,6987685.0
2022-06-14,14-06-2022,1334.477661,1342.212801,1299.831522,1306.177112,6090247.0
2022-06-15,15-06-2022,1317.478516,1339.896655,1314.37521,1334.153114,4651958.0
2022-06-16,16-06-2022,1294.31958,1337.441998,1289.502518,1332.115389,6641772.0
2022-06-17,17-06-2022,1285.148438,1294.087785,1266.482128,1288.622312,9692047.0
2022-06-20,20-06-2022,1310.021484,1317.617646,1280.238773,1287.69607,4595194.0
2022-06-21,21-06-2022,1343.13916,1348.789975,1317.988281,1319.146239,6270787.0
2022-06-22,22-06-2022,1331.420532,1352.124805,1329.336207,1330.308937,6253366.0
2022-06-23,23-06-2022,1345.501221,1350.642601,1327.483434,1333.782773,6254281.0
2022-06-24,24-06-2022,1334.986938,1359.44304,1323.685311,1350.642557,6114340.0
2022-06-27,27-06-2022,1366.020264,1374.728133,1357.266144,1359.95263,4511097.0
2022-06-28,28-06-2022,1371.161743,1378.665291,1346.010864,1360.832731,4412178.0
2022-06-29,29-06-2022,1355.506104,1368.243646,1349.716312,1356.84929,5060038.0
2022-06-30,30-06-2022,1354.255493,1372.875441,1347.86354,1357.173571,9165177.0
2022-07-01,01-07-2022,1370.466919,1375.65455,1336.144987,1346.937182,4651635.0
2022-07-04,04-07-2022,1378.433716,1382.370774,1354.34818,1371.254374,4800224.0
2022-07-05,05-07-2022,1367.270874,1398.767342,1363.611771,1388.438443,7379669.0
2022-07-06,06-07-2022,1381.815063,1389.550204,1361.7592,1373.060829,5209162.0
2022-07-07,07-07-2022,1388.345703,1402.472795,1385.566603,1392.375489,3323472.0
2022-07-08,08-07-2022,1402.935913,1405.25183,1389.503597,1403.44546,3652582.0
2022-07-11,11-07-2022,1364.677002,1389.457309,1358.424027,1384.91809,4702638.0
2022-07-12,12-07-2022,1332.671143,1360.462144,1330.262612,1354.162918,4710356.0
2022-07-13,13-07-2022,1338.090332,1352.495379,1332.671109,1343.231712,5264025.0
2022-07-14,14-07-2022,1323.638916,1345.964329,1309.882394,1344.157959,6157606.0
2022-07-15,15-07-2022,1325.028564,1339.526226,1306.779186,1339.526226,5620018.0
2022-07-18,18-07-2022,1380.193848,1383.621359,1341.425422,1343.231792,5835171.0
2022-07-19,19-07-2022,1374.86731,1377.368455,1361.851811,1363.195111,3418540.0
2022-07-20,20-07-2022,1403.723511,1413.450361,1389.550055,1390.708013,5079392.0
2022-07-21,21-07-2022,1420.027588,1422.389755,1392.421814,1405.298334,5008061.0
2022-07-22,22-07-2022,1395.386108,1426.604619,1382.277998,1421.046419,7020642.0
2022-07-25,25-07-2022,1392.884888,1405.437201,1371.115271,1371.115271,7859626.0
2022-07-26,26-07-2022,1344.296997,1386.44668,1338.59982,1386.44668,7268273.0
2022-07-27,27-07-2022,1362.731567,1364.537937,1338.599673,1344.157873,4517285.0
2022-07-28,28-07-2022,1405.668701,1412.199518,1380.147256,1386.215003,6636841.0
2022-07-29,29-07-2022,1435.590454,1441.148654,1415.488342,1419.934947,7009465.0
2022-08-01,01-08-2022,1436.841064,1448.837468,1424.65932,1448.837468,2983249.0
2022-08-02,02-08-2022,1429.939575,1433.089245,1415.812483,1432.672425,4374635.0
2022-08-03,03-08-2022,1450.782837,1454.39569,1426.512075,1434.941989,6011955.0
2022-08-04,04-08-2022,1482.093994,1485.753097,1458.981079,1470.607025,7402209.0
2022-08-05,05-08-2022,1497.610718,1505.994268,1484.317379,1489.968193,5361971.0
2022-08-08,08-08-2022,1500.158325,1502.566856,1478.481321,1497.935022,3763409.0
2022-08-10,10-08-2022,1484.456299,1501.825675,1471.162959,1501.825675,4423829.0
2022-08-11,11-08-2022,1500.667847,1511.228451,1497.008743,1509.977878,3462090.0
2022-08-12,12-08-2022,1476.721313,1495.156036,1473.06221,1494.507624,3562286.0
2022-08-16,16-08-2022,1478.898071,1490.524019,1473.942032,1490.524019,3004430.0
2022-08-17,17-08-2022,1487.97644,1493.303049,1468.291149,1478.898002,4067324.0
2022-08-18,18-08-2022,1466.392212,1480.519305,1458.101275,1476.721224,4635706.0
2022-08-19,19-08-2022,1479.500244,1486.72595,1468.383844,1468.569185,4739884.0
2022-08-22,22-08-2022,1459.629761,1481.260401,1458.101233,1469.217634,3950555.0
2022-08-23,23-08-2022,1428.828003,1440.037017,1420.120133,1434.015634,5551574.0
2022-08-24,24-08-2022,1424.288696,1432.162813,1418.267313,1421.97278,2888426.0
2022-08-25,25-08-2022,1406.363647,1434.664083,1402.287611,1434.015671,4331088.0
2022-08-26,26-08-2022,1409.513306,1431.190196,1405.715112,1422.11187,3079136.0
2022-08-29,29-08-2022,1354.116577,1360.415916,1343.231768,1360.415916,8079050.0
2022-08-30,30-08-2022,1383.019043,1385.937121,1358.053507,1364.630688,6725875.0
2022-09-01,01-09-2022,1356.38623,1359.999084,1344.204597,1352.541899,8140604.0
2022-09-02,02-09-2022,1346.010864,1369.170033,1341.379031,1369.170033,5175653.0
2022-09-05,05-09-2022,1353.699585,1358.979829,1339.850336,1344.157964,3669352.0
2022-09-06,06-09-2022,1347.956055,1361.75894,1339.016594,1353.699596,3428442.0
2022-09-07,07-09-2022,1350.318481,1357.822029,1332.161716,1333.968086,3600574.0
2022-09-08,08-09-2022,1367.224609,1372.041671,1355.830254,1366.390857,4061475.0
2022-09-09,09-09-2022,1400.342163,1408.077302,1371.022636,1378.433569,4816910.0
2022-09-12,12-09-2022,1423.084595,1432.07042,1409.142843,1413.450471,5494819.0
2022-09-13,13-09-2022,1431.190308,1438.647605,1427.809159,1437.628625,4947158.0
2022-09-14,14-09-2022,1366.761475,1388.577343,1363.611805,1386.770973,14332197.0
2022-09-15,15-09-2022,1327.298218,1366.576074,1323.824343,1366.390846,12784100.0
2022-09-16,16-09-2022,1275.653198,1320.072432,1267.593741,1320.072432,20464045.0
2022-09-19,19-09-2022,1287.927734,1302.471647,1278.941909,1289.502513,6595241.0
2022-09-20,20-09-2022,1286.306519,1309.465686,1283.110486,1304.277942,7219797.0
2022-09-21,21-09-2022,1275.838623,1286.538204,1267.6403,1278.293518,7917054.0
2022-09-22,22-09-2022,1267.223389,1282.045257,1259.858818,1265.741224,9168498.0
2022-09-23,23-09-2022,1264.907349,1292.096301,1261.711429,1266.806446,10426200.0
2022-09-26,26-09-2022,1278.617676,1296.403872,1255.226916,1259.85875,9414587.0
2022-09-27,27-09-2022,1290.938354,1302.934758,1276.533307,1290.845627,8561254.0
2022-09-28,28-09-2022,1292.003662,1302.332674,1275.607016,1277.459749,7022098.0
2022-09-29,29-09-2022,1295.662842,1306.038104,1290.428847,1301.452634,6119965.0
2022-09-30,30-09-2022,1309.373047,1314.792383,1274.680657,1286.677061,8120130.0
2022-10-03,03-10-2022,1291.123535,1308.029727,1283.944194,1308.029727,4943169.0
2022-10-04,04-10-2022,1324.148804,1326.788927,1309.882732,1315.162977,6631341.0
2022-10-06,06-10-2022,1348.002441,1352.310069,1337.766045,1338.599797,6180672.0
2022-10-07,07-10-2022,1344.343506,1350.503868,1334.10722,1339.850649,3994466.0
2022-10-10,10-10-2022,1354.950195,1357.127134,1321.323041,1321.323041,5274677.0
2022-10-11,11-10-2022,1318.960938,1370.698494,1315.533313,1354.950261,12824774.0
2022-10-12,12-10-2022,1323.5,1334.986969,1309.465636,1331.188888,5481467.0
2022-10-13,13-10-2022,1315.348145,1332.068996,1310.808925,1325.630793,4821514.0
2022-10-14,14-10-2022,1365.696045,1383.991786,1359.211478,1375.654486,14990688.0
2022-10-17,17-10-2022,1380.23999,1384.918187,1366.854037,1368.150973,4286396.0
2022-10-18,18-10-2022,1392.977539,1399.693698,1387.002519,1398.813694,4692004.0
2022-10-19,19-10-2022,1376.071411,1394.135562,1372.22708,1393.255559,3553171.0
2022-10-20,20-10-2022,1390.383789,1393.255503,1365.649731,1366.390869,4583939.0
2022-10-21,21-10-2022,1390.013184,1395.1082,1381.536906,1389.827955,3594485.0
2022-10-24,24-10-2022,1406.085815,1409.745032,1399.740226,1406.687976,982837.0
2022-10-25,25-10-2022,1413.913574,1420.027572,1409.050149,1415.580966,3914341.0
2022-10-27,27-10-2022,1427.164917,1437.419558,1416.442145,1433.57997,6760137.0
2022-10-28,28-10-2022,1417.144531,1430.910899,1411.291464,1429.084788,3053981.0
2022-10-31,31-10-2022,1439.994751,1448.189043,1433.064698,1433.064698,4542336.0
2022-11-01,01-11-2022,1473.099609,1474.97259,1448.844482,1454.416669,4542692.0
2022-11-02,02-11-2022,1454.651001,1472.865699,1446.878083,1472.163331,2938906.0
2022-11-03,03-11-2022,1433.532959,1445.847833,1425.010918,1441.024884,3174027.0
2022-11-04,04-11-2022,1417.846802,1423.887121,1405.81292,1423.887121,4509682.0
2022-11-07,07-11-2022,1411.712646,1430.863947,1396.401049,1424.776758,4898592.0
2022-11-09,09-11-2022,1415.224487,1431.894065,1405.765956,1431.894065,3334755.0
2022-11-10,10-11-2022,1406.56189,1415.973665,1390.688421,1390.688421,3435763.0
2022-11-11,11-11-2022,1470.383789,1473.56788,1448.423131,1448.423131,7214098.0
2022-11-14,14-11-2022,1484.61853,1490.3311,1468.838573,1475.113128,4908813.0
2022-11-15,15-11-2022,1492.765869,1496.371335,1472.865446,1477.641525,3497614.0
2022-11-16,16-11-2022,1501.00708,1506.813276,1492.297672,1495.715886,4497697.0
2022-11-17,17-11-2022,1486.585205,1501.007183,1482.417753,1495.762744,3469515.0
2022-11-18,18-11-2022,1492.203979,1496.511813,1475.440777,1490.611877,3126064.0
2022-11-21,21-11-2022,1468.604492,1487.006555,1464.718148,1481.621734,3071764.0
2022-11-22,22-11-2022,1484.384399,1487.147001,1462.798246,1469.35368,3399329.0
2022-11-23,23-11-2022,1482.605103,1490.893021,1478.999637,1487.989923,3245067.0
2022-11-24,24-11-2022,1526.29248,1532.098677,1484.103532,1488.083617,5282215.0
2022-11-25,25-11-2022,1531.770996,1539.59067,1511.308698,1527.790911,4563255.0
2022-11-28,28-11-2022,1520.298828,1548.487172,1517.114737,1524.606662,3825766.0
2022-11-29,29-11-2022,1525.589966,1534.673878,1512.479098,1518.238424,3131710.0
2022-11-30,30-11-2022,1531.115112,1541.229256,1510.699688,1517.067755,11868134.0
2022-12-01,01-12-2022,1551.858521,1566.374125,1547.363434,1551.015656,5407928.0
2022-12-02,02-12-2022,1533.878052,1556.260201,1530.178845,1550.82851,4283343.0
2022-12-05,05-12-2022,1535.610352,1540.38643,1520.205128,1533.971493,3824966.0
2022-12-06,06-12-2022,1510.465576,1522.733579,1505.455375,1521.797089,4822398.0
2022-12-07,07-12-2022,1503.535645,1520.673468,1495.294482,1505.876871,4898087.0
2022-12-08,08-12-2022,1517.255371,1520.767211,1496.980325,1503.53576,4206837.0
2022-12-09,09-12-2022,1469.634644,1524.606592,1461.955353,1524.606592,8880658.0
2022-12-12,12-12-2022,1448.938232,1466.497431,1432.87751,1451.560452,8037679.0
2022-12-13,13-12-2022,1472.303711,1477.313913,1443.272503,1448.938202,6135067.0
2022-12-14,14-12-2022,1479.093262,1487.615303,1473.099699,1481.528114,4976020.0
2022-12-15,15-12-2022,1442.663696,1470.290168,1437.747121,1469.63467,6443866.0
2022-12-16,16-12-2022,1425.525879,1451.092117,1416.020591,1428.148098,9630453.0
2022-12-19,19-12-2022,1411.619019,1420.562549,1400.100253,1412.18089,6222740.0
2022-12-20,20-12-2022,1411.572388,1419.719811,1388.300504,1405.672451,7396259.0
2022-12-21,21-12-2022,1413.679321,1424.402092,1406.936521,1418.783149,6236361.0
2022-12-22,22-12-2022,1425.385742,1432.783927,1415.739842,1424.870627,6302640.0
2022-12-23,23-12-2022,1402.02002,1414.007145,1398.180431,1412.883287,6283822.0
2022-12-26,26-12-2022,1406.983398,1414.007077,1401.317585,1405.204044,4115459.0
2022-12-27,27-12-2022,1418.6427,1424.823515,1402.394612,1414.053874,4860076.0
2022-12-28,28-12-2022,1414.241333,1428.101326,1403.331194,1409.51201,5029860.0
2022-12-29,29-12-2022,1421.171265,1424.683104,1405.6723,1408.481772,4624745.0
2022-12-30,30-12-2022,1412.415039,1433.205198,1408.528695,1430.957598,5060544.0
2023-01-02,02-01-2023,1427.21167,1429.552896,1408.528728,1417.846764,3801140.0
2023-01-03,03-01-2023,1425.85376,1435.312292,1418.876836,1423.325167,4551130.0
2023-01-04,04-01-2023,1399.866089,1424.402095,1396.401005,1424.402095,7059590.0
2023-01-05,05-01-2023,1381.510986,1410.261318,1375.938913,1410.261318,9868404.0
2023-01-06,06-01-2023,1356.506714,1381.323716,1354.633733,1376.641263,6443714.0
2023-01-09,09-01-2023,1390.17334,1394.762166,1356.225558,1356.225558,11498717.0
2023-01-10,10-01-2023,1376.407104,1389.65847,1361.704247,1387.879115,7158624.0
2023-01-11,11-01-2023,1377.811768,1399.116928,1371.022211,1376.641154,6173092.0
2023-01-12,12-01-2023,1386.567993,1390.688575,1362.593856,1387.832233,6591385.0
2023-01-13,13-01-2023,1408.154175,1422.903902,1374.768261,1389.283866,11610426.0
2023-01-16,16-01-2023,1428.616455,1430.957682,1406.889918,1414.10085,6073063.0
2023-01-17,17-01-2023,1441.727295,1444.255774,1427.21169,1430.021162,5922644.0
2023-01-18,18-01-2023,1447.252563,1453.292882,1441.820872,1446.643822,5843098.0
2023-01-19,19-01-2023,1441.165405,1451.139053,1429.22515,1442.101896,6165284.0
2023-01-20,20-01-2023,1428.663208,1446.877904,1427.211602,1440.32247,6496429.0
2023-01-23,23-01-2023,1449.687378,1454.650824,1431.051193,1437.513001,4855020.0
2023-01-24,24-01-2023,1453.339722,1469.166435,1451.326244,1460.925272,5200802.0
2023-01-25,25-01-2023,1445.004883,1457.17926,1441.024798,1448.750845,4158617.0
2023-01-27,27-01-2023,1422.6698,1452.450134,1411.666035,1447.814551,6209955.0
2023-01-30,30-01-2023,1441.071655,1445.94136,1423.465588,1431.70675,6964719.0
2023-01-31,31-01-2023,1436.342529,1450.530385,1416.910348,1450.530385,9448126.0
2023-02-01,01-02-2023,1452.590454,1456.28966,1431.004416,1444.255665,6194199.0
2023-02-02,02-02-2023,1483.166992,1486.163716,1453.433416,1453.433416,6916834.0
2023-02-03,03-02-2023,1497.82312,1502.739696,1473.099745,1496.043765,7040194.0
2023-02-06,06-02-2023,1470.149658,1496.51189,1462.423611,1496.51189,4570612.0
2023-02-07,07-02-2023,1463.172729,1475.955847,1456.336303,1469.353544,4336238.0
2023-02-08,08-02-2023,1489.488159,1501.194291,1466.075896,1466.075896,7983338.0
2023-02-09,09-02-2023,1514.305176,1516.880525,1485.32084,1494.826127,6904911.0
2023-02-10,10-02-2023,1506.391968,1513.64977,1495.06034,1510.512435,4786762.0
2023-02-13,13-02-2023,1467.9021,1495.575442,1466.544234,1495.575442,4001199.0
2023-02-14,14-02-2023,1492.063599,1494.638948,1477.922614,1484.056559,5043736.0
2023-02-15,15-02-2023,1495.622314,1497.448425,1475.909142,1483.401067,3465747.0
2023-02-16,16-02-2023,1500.070679,1511.917193,1496.371472,1498.38495,4290289.0
2023-02-17,17-02-2023,1483.213745,1493.702393,1475.440828,1492.765903,2857734.0
2023-02-20,20-02-2023,1491.314331,1501.194352,1481.996296,1484.290652,2417716.0
2023-02-21,21-02-2023,1479.186768,1499.930055,1475.909051,1497.16734,2723288.0
2023-02-22,22-02-2023,1462.610962,1474.972591,1456.523773,1463.734705,3656244.0
2023-02-23,23-02-2023,1452.21582,1470.149637,1449.827838,1470.149637,4766854.0
2023-02-24,24-02-2023,1452.169189,1469.353769,1446.877995,1460.925354,2790986.0
2023-02-27,27-02-2023,1413.445313,1442.195528,1406.608885,1442.195528,4920268.0
2023-02-28,28-02-2023,1393.07666,1427.211697,1387.223594,1419.345153,9679811.0
2023-03-01,01-03-2023,1401.036743,1405.531829,1387.41076,1397.61853,5125043.0
2023-03-02,02-03-2023,1378.654663,1394.059888,1374.112707,1390.688544,4644499.0
2023-03-03,03-03-2023,1385.350464,1395.183614,1379.450528,1392.327272,4615015.0
2023-03-06,06-03-2023,1411.712646,1423.840268,1398.3209,1399.63201,6561742.0
2023-03-08,08-03-2023,1397.899414,1400.989879,1387.036146,1395.886051,4137080.0
2023-03-09,09-03-2023,1386.380737,1403.190698,1380.949046,1400.053477,5104656.0
2023-03-10,10-03-2023,1378.092773,1380.668123,1365.075531,1367.276261,3699580.0
2023-03-13,13-03-2023,1343.957642,1384.414104,1337.308581,1371.209495,8798403.0
2023-03-14,14-03-2023,1329.81665,1356.366136,1321.388235,1349.482953,7402784.0
2023-03-15,15-03-2023,1329.488892,1351.215428,1326.866672,1346.673471,7556182.0
2023-03-16,16-03-2023,1314.926392,1327.756381,1309.86932,1327.756381,7323117.0
2023-03-17,17-03-2023,1330.472046,1351.262204,1321.762753,1339.181454,9090018.0
2023-03-20,20-03-2023,1314.504883,1329.535486,1296.898816,1329.535486,8221829.0
2023-03-21,21-03-2023,1302.377441,1315.769303,1301.721944,1310.150359,8536755.0
2023-03-22,22-03-2023,1301.019409,1317.876238,1294.37035,1313.896153,8356487.0
2023-03-23,23-03-2023,1287.253052,1296.055971,1282.991974,1296.055971,7607718.0
2023-03-24,24-03-2023,1292.965698,1310.103407,1290.01573,1299.848881,7559127.0
2023-03-27,27-03-2023,1300.738647,1307.10683,1286.831784,1298.210168,4170193.0
2023-03-28,28-03-2023,1290.109375,1309.213805,1288.470517,1303.688488,6633366.0
2023-03-29,29-03-2023,1295.681641,1301.628333,1277.888319,1291.420563,8813966.0
2023-03-31,31-03-2023,1337.261597,1339.134578,1305.374163,1314.832694,8711975.0
2023-04-03,03-04-2023,1321.247681,1343.86395,1315.90973,1343.86395,5242764.0
2023-04-05,05-04-2023,1333.141113,1336.840205,1311.086716,1311.086716,7506334.0
2023-04-06,06-04-2023,1331.595947,1337.683136,1320.779436,1326.07063,6948465.0
2023-04-10,10-04-2023,1336.933838,1342.9274,1325.13408,1333.515625,4993788.0
2023-04-11,11-04-2023,1316.846191,1342.318688,1300.785356,1338.151351,6942255.0
2023-04-12,12-04-2023,1337.589478,1340.586202,1311.08675,1323.307997,5831169.0
2023-04-13,13-04-2023,1300.972656,1321.435067,1295.16646,1320.217583,11267238.0
2023-04-17,17-04-2023,1178.385986,1181.054961,1110.022183,1170.894063,53171705.0
2023-04-18,18-04-2023,1179.369385,1189.296162,1173.516319,1189.296162,12430884.0
2023-04-19,19-04-2023,1153.943604,1174.686892,1151.321499,1174.686892,11307230.0
2023-04-20,20-04-2023,1145.702637,1159.23488,1143.829655,1152.53895,8621249.0
2023-04-21,21-04-2023,1149.401611,1154.926928,1142.518429,1150.103979,8691352.0
2023-04-24,24-04-2023,1148.418457,1151.883426,1140.645539,1150.010445,8313774.0
2023-04-25,25-04-2023,1147.1073,1157.034077,1137.83602,1148.090546,6808576.0
2023-04-26,26-04-2023,1149.588989,1154.692817,1143.033556,1150.010364,5680192.0
2023-04-27,27-04-2023,1167.10144,1168.553047,1147.575634,1151.883468,8020704.0
2023-04-28,28-04-2023,1173.188599,1179.041665,1165.883926,1175.9512,10118277.0
2023-05-02,02-05-2023,1196.319824,1198.473798,1174.874282,1174.874282,8886401.0
2023-05-03,03-05-2023,1188.546875,1191.684095,1181.944572,1185.596907,5549783.0
2023-05-04,04-05-2023,1192.66748,1194.774584,1182.319215,1188.359533,4505401.0
2023-05-05,05-05-2023,1179.135254,1197.771439,1174.593298,1197.771439,5373791.0
2023-05-08,08-05-2023,1185.222412,1189.623986,1175.482888,1182.272444,5260842.0
2023-05-09,09-05-2023,1189.998535,1191.216019,1180.633629,1185.597075,4969897.0
2023-05-10,10-05-2023,1183.021606,1195.336479,1179.182018,1195.336479,6515734.0
2023-05-11,11-05-2023,1176.325806,1194.868365,1173.469578,1189.57717,6888461.0
2023-05-12,12-05-2023,1166.118042,1176.232186,1160.358716,1173.750463,8292212.0
2023-05-15,15-05-2023,1178.432983,1188.313005,1166.539598,1170.519683,5534710.0
2023-05-16,16-05-2023,1184.005127,1193.04217,1182.553521,1184.660625,5236469.0
2023-05-17,17-05-2023,1167.710205,1180.86783,1163.542753,1180.540081,10465667.0
2023-05-18,18-05-2023,1166.86731,1179.650429,1163.542722,1178.667068,6948732.0
2023-05-19,19-05-2023,1188.312988,1192.43357,1173.235512,1176.279106,11094136.0
2023-05-22,22-05-2023,1210.695068,1213.317173,1189.57716,1192.105639,7625947.0
2023-05-23,23-05-2023,1217.484619,1230.689113,1214.675147,1216.688511,7436031.0
2023-05-24,24-05-2023,1216.173584,1222.120277,1209.290401,1213.972854,4824077.0
2023-05-25,25-05-2023,1221.511597,1223.99332,1207.37061,1212.287186,4334121.0
2023-05-26,26-05-2023,1233.779419,1239.398362,1223.056648,1223.056648,5521606.0
2023-05-29,29-05-2023,1230.923218,1248.060926,1226.66214,1248.060926,4419365.0
2023-05-30,30-05-2023,1239.773071,1242.161168,1226.006705,1231.485152,6274719.0
2023-05-31,31-05-2023,1234.575562,1246.562572,1230.689103,1236.027053,17800782.0
2023-06-01,01-06-2023,1235.699341,1245.064247,1234.388231,1238.555683,4277841.0
2023-06-02,02-06-2023,1232.852173,1246.044379,1230.052439,1242.342952,10909311.0
2023-06-05,05-06-2023,1238.072144,1242.770033,1231.238829,1237.597605,5002553.0
2023-06-06,06-06-2023,1213.870605,1222.98173,1208.176138,1222.98173,10008100.0
2023-06-07,07-06-2023,1223.313843,1228.106732,1217.192337,1224.78496,5397578.0
2023-06-08,08-06-2023,1217.477051,1226.20852,1215.863549,1220.703823,5034942.0
2023-06-09,09-06-2023,1201.484985,1217.192269,1199.63433,1217.192269,5339073.0
2023-06-12,12-06-2023,1226.161011,1229.720052,1208.176033,1208.650572,4785588.0
2023-06-13,13-06-2023,1238.404297,1239.970299,1231.001559,1233.706408,4846587.0
2023-06-14,14-06-2023,1234.180786,1240.159907,1227.347357,1239.827753,3457981.0
2023-06-15,15-06-2023,1221.273438,1228.059252,1217.334741,1228.059252,6161155.0
2023-06-16,16-06-2023,1225.876465,1235.224859,1215.816263,1221.46323,8536287.0
2023-06-19,19-06-2023,1228.106812,1233.32674,1221.510766,1228.106812,4451787.0
2023-06-20,20-06-2023,1237.028076,1238.546578,1225.354372,1228.106721,4009180.0
2023-06-21,21-06-2023,1233.184204,1237.40767,1229.055739,1233.753628,4041529.0
2023-06-22,22-06-2023,1216.290771,1223.741009,1208.650648,1223.741009,6676607.0
2023-06-23,23-06-2023,1200.583496,1214.20274,1199.017494,1211.450391,7239467.0
2023-06-26,26-06-2023,1205.661011,1209.125168,1197.973503,1205.566126,3403244.0
2023-06-27,27-06-2023,1214.012939,1216.717788,1209.314935,1214.819632,3240024.0
2023-06-28,28-06-2023,1227.489868,1230.669256,1216.148434,1224.31048,5662358.0
2023-06-30,30-06-2023,1267.49353,1270.720418,1238.024615,1241.583657,12821692.0
2023-07-03,03-07-2023,1265.785156,1277.458861,1260.802497,1262.273614,7732412.0
2023-07-04,04-07-2023,1276.6521,1277.458793,1263.602279,1275.845407,5797775.0
2023-07-05,05-07-2023,1278.692627,1288.800213,1272.71339,1288.705329,5414936.0
2023-07-06,06-07-2023,1275.465698,1278.834855,1269.059423,1274.184466,5963897.0
2023-07-07,07-07-2023,1262.463379,1277.269087,1257.860374,1266.069921,6295647.0
2023-07-10,10-07-2023,1261.466675,1273.567416,1252.118282,1268.489873,3940315.0
2023-07-11,11-07-2023,1279.926392,1282.109317,1259.426333,1265.547839,6126128.0
2023-07-12,12-07-2023,1265.405518,1283.058342,1259.426281,1282.204149,8102770.0
2023-07-13,13-07-2023,1295.58606,1306.690339,1263.080145,1266.923957,9977644.0
2023-07-14,14-07-2023,1353.337524,1357.181336,1310.344367,1310.344367,12833381.0
2023-07-17,17-07-2023,1350.490234,1384.657036,1342.280804,1353.337468,11569884.0
2023-07-18,18-07-2023,1400.079712,1402.689676,1356.232358,1360.977748,16743977.0
2023-07-19,19-07-2023,1399.842285,1422.477884,1386.317926,1410.329641,13687062.0
2023-07-20,20-07-2023,1375.688354,1396.093528,1367.336423,1396.093528,8347221.0
2023-07-21,21-07-2023,1263.791992,1281.255047,1238.546546,1252.972482,45548305.0
2023-07-24,24-07-2023,1268.537354,1281.160134,1266.307044,1272.713319,8859789.0
2023-07-25,25-07-2023,1266.639282,1274.469175,1256.81635,1268.917092,6801982.0
2023-07-26,26-07-2023,1280.163574,1281.255037,1271.194835,1274.611492,5528885.0
2023-07-27,27-07-2023,1284.244751,1294.352454,1278.455399,1289.417179,9191861.0
2023-07-28,28-07-2023,1272.238892,1294.399837,1267.968041,1284.909058,6122735.0
2023-07-31,31-07-2023,1286.664795,1288.373181,1265.358044,1280.06875,7902180.0
2023-08-01,01-08-2023,1295.68103,1299.287572,1287.898638,1292.644028,6064652.0
2023-08-02,02-08-2023,1287.756226,1302.087278,1279.783949,1299.572314,7419145.0
2023-08-03,03-08-2023,1294.826904,1296.962329,1280.305967,1281.255045,6503741.0
2023-08-04,04-08-2023,1308.161377,1315.326961,1292.643978,1299.192638,5712345.0
2023-08-07,07-08-2023,1322.06543,1323.963585,1306.880184,1317.225156,3729093.0
2023-08-08,08-08-2023,1319.407959,1322.587462,1313.903377,1321.923038,4161877.0
2023-08-09,09-08-2023,1323.394165,1324.912666,1312.100116,1313.523732,4090828.0
2023-08-10,10-08-2023,1318.363892,1324.722782,1315.042119,1320.736586,3873025.0
2023-08-11,11-08-2023,1301.992432,1325.719378,1297.436927,1321.116374,5783517.0
2023-08-14,14-08-2023,1322.587402,1323.963519,1296.060609,1301.992345,4304135.0
2023-08-16,16-08-2023,1346.266968,1347.643084,1333.834071,1338.959114,7735313.0
2023-08-17,17-08-2023,1339.670898,1347.69056,1334.40347,1347.69056,5618346.0
2023-08-18,18-08-2023,1318.079346,1336.965902,1315.564266,1332.220513,5134103.0
2023-08-21,21-08-2023,1333.834106,1335.352608,1316.513435,1318.981014,3032722.0
2023-08-22,22-08-2023,1332.268066,1334.450992,1325.529637,1333.169644,2890714.0
2023-08-23,23-08-2023,1336.25415,1344.463697,1334.071341,1343.894274,2559125.0
2023-08-24,24-08-2023,1351.107178,1352.48341,1342.423092,1349.114137,5171963.0
2023-08-25,25-08-2023,1347.7854,1350.06321,1339.52847,1341.046971,4307172.0
2023-08-28,28-08-2023,1343.562134,1352.24622,1339.528553,1347.785484,3133464.0
2023-08-29,29-08-2023,1345.460327,1351.866603,1343.230017,1351.486949,3074444.0
2023-08-30,30-08-2023,1362.069214,1363.492831,1351.486972,1354.334206,3070887.0
2023-08-31,31-08-2023,1362.353638,1371.322492,1355.899978,1362.068984,9792735.0
2023-09-01,01-09-2023,1370.325928,1372.366468,1355.472837,1358.082801,3582133.0
2023-09-04,04-09-2023,1390.493774,1395.144279,1361.641788,1369.51918,4609014.0
2023-09-05,05-09-2023,1403.591187,1404.682649,1382.331821,1390.398982,5496840.0
2023-09-06,06-09-2023,1402.214966,1407.387509,1388.785607,1406.438432,5075786.0
2023-09-07,07-09-2023,1391.537842,1398.371272,1387.599262,1395.713807,4411743.0
2023-09-08,08-09-2023,1394.764771,1399.652545,1385.843416,1388.975419,3125838.0
2023-09-11,11-09-2023,1401.265991,1402.784609,1389.924557,1394.764831,4182226.0
2023-09-12,12-09-2023,1424.660767,1427.413116,1401.882898,1407.007941,6793161.0
2023-09-13,13-09-2023,1422.050781,1428.362172,1412.844772,1428.362172,4804686.0
2023-09-14,14-09-2023,1430.212891,1435.52782,1422.810153,1428.362235,6444213.0
2023-09-15,15-09-2023,1434.626099,1441.079875,1432.158519,1440.70022,8657816.0
2023-09-18,18-09-2023,1415.834473,1428.26737,1412.22793,1428.26737,3991916.0
2023-09-20,20-09-2023,1414.363281,1418.966286,1401.028691,1401.028691,4169337.0
2023-09-21,21-09-2023,1425.277588,1427.935052,1400.838835,1410.851652,6779195.0
2023-09-22,22-09-2023,1419.962891,1430.212862,1409.570418,1415.92931,5455613.0
2023-09-25,25-09-2023,1399.08313,1413.983606,1396.615551,1413.983606,4217863.0
2023-09-26,26-09-2023,1386.27063,1404.540379,1384.704628,1403.828571,3996528.0
2023-09-27,27-09-2023,1392.297241,1394.764821,1376.210418,1381.857385,3863586.0
2023-09-28,28-09-2023,1366.150024,1397.611977,1361.926674,1393.151358,5814602.0
2023-09-29,29-09-2023,1362.353638,1373.125763,1343.894121,1359.17425,6068968.0
2023-10-03,03-10-2023,1360.977661,1363.824895,1347.975341,1362.923317,4181867.0
2023-10-04,04-10-2023,1370.800537,1376.11535,1345.982129,1352.435904,4510406.0
2023-10-05,05-10-2023,1388.927979,1400.506798,1376.352697,1378.061083,7384621.0
2023-10-06,06-10-2023,1403.401367,1408.906065,1388.785661,1394.669897,3598672.0
2023-10-09,09-10-2023,1400.316772,1415.074978,1387.741492,1390.304071,3567552.0
2023-10-10,10-10-2023,1419.013794,1420.769565,1394.290269,1408.336668,5688951.0
2023-10-11,11-10-2023,1418.30188,1440.937362,1406.011253,1420.769459,7220129.0
2023-10-12,12-10-2023,1390.873657,1427.792811,1378.061106,1415.929337,11081662.0
2023-10-13,13-10-2023,1358.272705,1364.773865,1328.708909,1333.454298,17973439.0
2023-10-16,16-10-2023,1361.120117,1370.088857,1357.181421,1359.174461,4850745.0
2023-10-17,17-10-2023,1368.997314,1379.342286,1364.821465,1366.90939,3923764.0
2023-10-18,18-10-2023,1367.194214,1379.959265,1365.106173,1368.57033,4264837.0
2023-10-19,19-10-2023,1360.645508,1366.339975,1353.479924,1353.479924,6795691.0
2023-10-20,20-10-2023,1354.571411,1365.248537,1352.673255,1357.181375,3928622.0
2023-10-23,23-10-2023,1336.918579,1359.411679,1333.691691,1353.005403,2636516.0
2023-10-25,25-10-2023,1317.11438,1348.358653,1308.70246,1344.94577,6940777.0
2023-10-26,26-10-2023,1306.92395,1320.911819,1300.819323,1302.69405,6357656.0
2023-10-27,27-10-2023,1327.016479,1331.486838,1310.961775,1310.961775,4634358.0
2023-10-30,30-10-2023,1323.844116,1327.016542,1310.433041,1327.016542,2667696.0
2023-10-31,31-10-2023,1315.528076,1327.785444,1310.336697,1326.631739,3451595.0
2023-11-01,01-11-2023,1301.828735,1324.228406,1299.42533,1319.998506,3090672.0
2023-11-02,02-11-2023,1317.210449,1323.12285,1309.03887,1317.066221,3758060.0
2023-11-03,03-11-2023,1335.380371,1338.216343,1324.51693,1326.72811,3349045.0
2023-11-06,06-11-2023,1349.079834,1352.877168,1337.062805,1340.043004,2736381.0
2023-11-07,07-11-2023,1350.041138,1351.579294,1340.956193,1345.907233,2272209.0
2023-11-08,08-11-2023,1337.254883,1350.713954,1332.880638,1350.713954,3550635.0
2023-11-09,09-11-2023,1321.680908,1343.503785,1317.114437,1341.965629,5498051.0
2023-11-10,10-11-2023,1315.960693,1320.094598,1308.414023,1317.018168,2943649.0
2023-11-13,13-11-2023,1320.479126,1329.035156,1317.883378,1326.535638,3462092.0
2023-11-15,15-11-2023,1356.001465,1359.366233,1339.177625,1344.945799,8551860.0
2023-11-16,16-11-2023,1389.072388,1397.243967,1356.097614,1361.385107,6673907.0
2023-11-17,17-11-2023,1382.006348,1394.936623,1379.602942,1385.371116,4901251.0
2023-11-20,20-11-2023,1381.093018,1395.89802,1378.257046,1386.284397,3584210.0
2023-11-21,21-11-2023,1383.400391,1393.975376,1381.237325,1386.284478,3793135.0
2023-11-22,22-11-2023,1401.473999,1402.579472,1380.70848,1380.70848,3108786.0
2023-11-23,23-11-2023,1393.254272,1411.183702,1391.764114,1411.183702,3186928.0
2023-11-24,24-11-2023,1381.862183,1396.522958,1378.4493,1389.697309,2973195.0
2023-11-28,28-11-2023,1386.957275,1389.168456,1371.91205,1388.207093,3755373.0
2023-11-29,29-11-2023,1403.204346,1404.261821,1393.783066,1395.032766,3875778.0
2023-11-30,30-11-2023,1398.92627,1404.213762,1393.542665,1397.099658,10120867.0
2023-12-01,01-12-2023,1396.186401,1403.492731,1390.274,1403.492731,3489187.0
2023-12-04,04-12-2023,1407.770752,1415.029084,1393.302321,1404.021416,5511948.0
2023-12-05,05-12-2023,1397.772583,1410.222294,1386.284351,1409.164819,5123039.0
2023-12-06,06-12-2023,1417.336426,1419.932057,1394.984753,1400.464471,5269178.0
2023-12-07,07-12-2023,1409.260864,1415.942285,1405.319303,1415.942285,4424453.0
2023-12-08,08-12-2023,1433.535278,1436.948044,1409.597336,1413.587013,6323433.0
2023-12-11,11-12-2023,1430.987671,1440.120612,1424.738816,1432.429714,3862018.0
2023-12-12,12-12-2023,1419.018799,1432.429755,1410.943332,1420.412727,6103494.0
2023-12-13,13-12-2023,1393.013916,1419.018812,1377.776348,1418.970697,8549258.0
2023-12-14,14-12-2023,1443.437378,1452.618435,1404.886773,1406.857613,12489858.0
2023-12-15,15-12-2023,1517.414185,1527.172035,1462.231968,1464.202808,18395389.0
2023-12-18,18-12-2023,1503.907104,1531.450158,1500.013658,1507.367985,6467243.0
2023-12-19,19-12-2023,1498.090942,1513.136169,1483.622393,1509.434947,4221721.0
2023-12-20,20-12-2023,1477.037109,1522.317252,1470.884367,1504.580164,6592367.0
2023-12-21,21-12-2023,1476.652466,1486.890998,1462.472372,1462.472372,5319038.0
2023-12-22,22-12-2023,1502.513184,1505.493383,1464.154804,1475.643037,6741060.0
2023-12-26,26-12-2023,1484.295288,1488.188852,1464.154795,1475.691142,6878067.0
2023-12-27,27-12-2023,1506.550781,1509.338755,1484.343336,1484.343336,4225849.0
2023-12-28,28-12-2023,1502.272949,1508.329462,1494.918504,1508.329462,5702253.0
2023-12-29,29-12-2023,1483.286011,1499.196487,1480.498036,1481.507514,4388990.0
2024-01-01,01-01-2024,1491.409424,1496.841144,1475.931514,1479.536623,2808451.0
2024-01-02,02-01-2024,1475.11438,1489.294474,1464.154826,1486.266159,5396313.0
2024-01-03,03-01-2024,1432.42981,1461.222563,1430.507085,1461.222563,7550363.0
2024-01-04,04-01-2024,1454.252686,1461.030337,1435.217783,1446.802128,7056038.0
2024-01-05,05-01-2024,1473.335815,1480.209462,1448.05194,1448.532622,8895403.0
2024-01-08,08-01-2024,1463.962524,1476.65246,1454.781468,1469.874809,4440136.0
2024-01-09,09-01-2024,1470.211426,1492.995666,1466.894655,1482.324567,4412074.0
2024-01-10,10-01-2024,1461.174561,1476.123674,1446.850239,1466.02937,4096845.0
2024-01-11,11-01-2024,1436.467407,1466.077411,1429.161078,1465.981298,11296088.0
2024-01-12,12-01-2024,1550.437012,1555.484164,1495.302909,1501.647876,26754401.0
2024-01-15,15-01-2024,1588.266724,1600.620206,1572.788813,1581.392959,13228305.0
2024-01-16,16-01-2024,1568.51062,1584.805663,1562.21365,1581.24867,6500917.0
2024-01-17,17-01-2024,1576.826416,1583.844408,1557.647285,1557.647285,9209876.0
2024-01-18,18-01-2024,1579.133667,1585.286409,1565.338142,1579.181782,6375464.0
2024-01-19,19-01-2024,1595.092285,1601.148915,1580.623853,1587.785955,4522736.0
2024-01-23,23-01-2024,1578.70105,1609.993321,1574.422917,1586.343833,9401255.0
2024-01-24,24-01-2024,1610.666382,1615.088625,1581.440945,1595.765267,8999681.0
2024-01-25,25-01-2024,1604.609863,1615.617533,1593.938765,1608.311085,8865304.0
2024-01-29,29-01-2024,1592.592773,1614.463766,1583.940513,1600.812468,4253785.0
2024-01-30,30-01-2024,1587.641724,1624.702287,1584.565411,1598.216709,4995943.0
2024-01-31,31-01-2024,1596.726685,1602.831312,1574.807577,1584.565428,6763779.0
2024-02-01,01-02-2024,1593.025513,1612.204644,1586.584315,1595.428919,5760011.0
2024-02-02,02-02-2024,1627.922852,1652.101137,1600.668253,1601.677731,7858483.0
2024-02-05,05-02-2024,1622.010376,1635.036882,1616.867111,1629.268708,3634135.0
2024-02-06,06-02-2024,1662.628052,1666.040935,1609.272442,1621.577927,7694265.0
2024-02-07,07-02-2024,1628.307251,1662.195269,1621.673828,1662.195269,4613877.0
2024-02-08,08-02-2024,1626.721069,1640.420482,1617.780471,1632.39313,5919715.0
2024-02-09,09-02-2024,1604.850098,1627.490226,1595.669158,1619.606985,4600004.0
2024-02-12,12-02-2024,1615.184814,1627.538297,1605.811532,1605.811532,3555808.0
2024-02-13,13-02-2024,1619.462891,1623.837019,1599.226168,1617.972732,2696481.0
2024-02-14,14-02-2024,1601.821777,1604.946205,1572.308002,1596.053604,3768579.0
2024-02-15,15-02-2024,1611.579712,1622.539266,1597.399618,1612.204621,4834391.0
2024-02-16,16-02-2024,1635.9021,1642.968089,1622.731366,1623.740844,4880654.0
2024-02-19,19-02-2024,1634.075684,1645.371691,1622.49122,1639.122836,3690993.0
2024-02-20,20-02-2024,1620.135742,1628.788002,1604.273265,1619.895402,3706389.0
2024-02-21,21-02-2024,1591.583374,1609.320461,1581.729411,1609.320461,4300508.0
2024-02-22,22-02-2024,1616.386475,1619.510902,1580.864185,1600.668225,5841277.0
2024-02-23,23-02-2024,1612.060303,1632.825704,1607.301606,1631.431776,5373072.0
2024-02-26,26-02-2024,1596.005737,1610.23383,1581.441074,1610.23383,2782438.0
2024-02-27,27-02-2024,1599.322266,1606.532483,1588.939623,1596.822747,5159088.0
2024-02-28,28-02-2024,1606.676758,1622.587351,1597.832272,1605.475055,3188916.0
2024-02-29,29-02-2024,1609.224365,1617.251717,1589.420325,1600.668217,7814722.0
2024-03-01,01-03-2024,1590.766113,1607.349613,1587.20912,1604.513641,6387291.0
2024-03-04,04-03-2024,1573.942383,1600.139507,1570.529617,1593.794539,4445156.0
2024-03-05,05-03-2024,1544.428589,1574.086593,1540.102458,1570.866053,4596579.0
2024-03-06,06-03-2024,1555.051514,1557.551032,1515.106866,1540.871421,6420684.0
2024-03-07,07-03-2024,1553.994019,1565.530366,1542.217331,1554.138246,6348359.0
2024-03-11,11-03-2024,1538.75647,1551.446522,1526.643328,1546.014802,6752895.0
2024-03-12,12-03-2024,1550.629272,1562.213735,1535.9205,1538.179678,4614222.0
2024-03-13,13-03-2024,1549.139282,1561.733105,1536.7858,1550.581326,5688997.0
2024-03-14,14-03-2024,1589.42041,1593.698426,1545.870649,1552.023392,8803799.0
2024-03-15,15-03-2024,1570.865967,1582.210089,1555.820624,1577.691616,11809997.0
2024-03-18,18-03-2024,1540.727295,1569.568164,1537.074071,1567.02053,4958904.0
2024-03-19,19-03-2024,1501.119141,1537.218343,1497.802488,1530.82526,6870411.0
2024-03-20,20-03-2024,1494.870239,1514.097485,1492.370721,1502.609253,4759059.0
2024-03-21,21-03-2024,1494.629883,1516.020193,1483.76656,1503.570599,11062497.0
2024-03-22,22-03-2024,1450.551514,1469.826875,1440.312981,1462.232089,14673890.0
2024-03-26,26-03-2024,1434.977417,1449.205508,1430.410946,1434.352508,8351081.0
2024-03-27,27-03-2024,1426.517334,1441.081995,1424.306271,1438.197909,6857402.0
2024-03-28,28-03-2024,1440.168823,1453.387555,1429.689951,1429.689951,12499530.0
2024-04-01,01-04-2024,1437.669189,1470.836188,1435.121673,1466.077492,6580002.0
2024-04-02,02-04-2024,1425.55603,1435.458109,1423.633306,1427.478755,7279400.0
2024-04-03,03-04-2024,1423.44104,1437.332678,1418.00932,1421.854769,8736248.0
2024-04-04,04-04-2024,1429.257202,1437.861465,1411.279775,1432.958541,11186915.0
2024-04-05,05-04-2024,1421.950928,1429.257258,1419.018843,1422.864292,5072482.0
2024-04-08,08-04-2024,1419.643677,1433.34309,1417.144158,1425.700306,6610887.0
2024-04-09,09-04-2024,1437.092407,1455.310293,1429.834192,1432.429824,9423230.0
2024-04-10,10-04-2024,1448.580688,1451.512773,1427.190378,1442.379832,6744595.0
2024-04-12,12-04-2024,1427.38269,1448.580776,1422.335538,1445.888915,12275616.0
2024-04-15,15-04-2024,1411.424072,1434.304424,1404.598423,1422.816192,8531224.0
2024-04-16,16-04-2024,1359.798828,1398.926343,1358.453015,1394.936666,16173541.0
2024-04-18,18-04-2024,1364.413452,1388.880076,1353.117445,1366.191949,22107945.0
2024-04-19,19-04-2024,1356.722534,1371.719762,1325.47826,1331.486774,20603621.0
2024-04-22,22-04-2024,1377.391846,1381.333408,1358.453055,1365.038364,5859087.0
2024-04-23,23-04-2024,1386.668945,1390.94696,1377.632117,1387.245739,4856174.0
2024-04-24,24-04-2024,1375.469116,1388.495622,1371.912123,1388.495622,4268213.0
2024-04-25,25-04-2024,1382.871582,1389.072439,1365.134494,1365.134494,9089398.0
2024-04-26,26-04-2024,1374.988403,1389.553065,1371.863976,1384.07323,8062444.0
2024-04-29,29-04-2024,1379.314575,1384.169502,1373.06572,1374.699989,5055957.0
2024-04-30,30-04-2024,1365.663208,1381.045004,1362.779121,1379.26639,6936588.0
2024-05-02,02-05-2024,1359.798828,1368.979885,1357.29931,1358.4049,10076354.0
2024-05-03,03-05-2024,1361.577393,1369.748972,1348.983453,1367.153223,8842345.0
2024-05-06,06-05-2024,1370.806641,1389.841545,1362.346605,1365.134579,6445422.0
2024-05-07,07-05-2024,1385.274902,1387.582195,1360.904393,1369.893106,6080661.0
2024-05-08,08-05-2024,1372.152466,1384.12138,1370.518079,1379.795249,6234983.0
2024-05-09,09-05-2024,1383.929077,1393.927151,1369.796982,1372.39273,6088406.0
2024-05-10,10-05-2024,1369.845093,1380.468075,1358.404859,1379.602943,8777481.0
2024-05-13,13-05-2024,1368.451172,1369.94133,1356.674483,1369.94133,3735954.0
2024-05-14,14-05-2024,1369.652832,1378.353208,1363.259867,1371.287218,3463230.0
2024-05-15,15-05-2024,1365.086426,1376.478664,1363.740612,1370.902715,4327544.0
2024-05-16,16-05-2024,1397.195923,1399.503216,1371.864049,1378.54547,9249145.0
2024-05-17,17-05-2024,1388.495728,1400.704983,1383.640801,1400.704983,7542860.0
2024-05-21,21-05-2024,1378.737793,1388.880095,1373.20996,1374.748116,6752663.0
2024-05-22,22-05-2024,1398.589844,1403.540765,1372.825289,1373.54631,7173285.0
2024-05-23,23-05-2024,1415.509766,1421.037598,1393.975228,1398.493584,8641428.0
2024-05-24,24-05-2024,1408.491821,1418.490012,1403.588897,1411.520136,5277938.0
2024-05-27,27-05-2024,1414.500366,1422.431605,1403.829268,1414.981047,5821844.0
2024-05-28,28-05-2024,1410.366577,1418.970723,1403.877382,1418.490041,6186922.0
2024-05-29,29-05-2024,1394.88855,1408.876418,1393.975303,1408.780305,7401634.0
2024-05-30,30-05-2024,1372.296631,1393.831171,1366.624687,1387.053637,9663150.0
2024-05-31,31-05-2024,1371.760498,1400.864924,1365.032813,1374.58809,37113815.0
2024-06-03,03-06-2024,1370.7854,1404.033674,1368.932832,1404.033674,10589244.0
2024-06-04,04-06-2024,1358.841309,1379.658033,1324.422937,1373.807893,13736134.0
2024-06-05,05-06-2024,1394.380859,1402.083568,1365.178958,1365.178958,9233424.0
2024-06-06,06-06-2024,1435.478149,1437.476995,1401.596087,1408.859964,12660930.0
2024-06-07,07-06-2024,1495.295898,1501.243518,1440.353352,1444.00969,24075302.0
2024-06-10,10-06-2024,1462.29126,1491.590759,1459.9025,1487.203154,6810606.0
2024-06-11,11-06-2024,1458.391113,1468.823815,1456.636024,1462.583761,4853054.0
2024-06-12,12-06-2024,1448.104614,1471.066461,1445.715855,1469.360171,9564320.0
2024-06-13,13-06-2024,1456.636108,1467.410164,1452.151025,1457.659931,7307565.0
2024-06-14,14-06-2024,1451.71228,1466.142554,1448.933488,1466.142554,4237727.0
2024-06-18,18-06-2024,1460.779907,1469.36016,1458.049913,1459.609927,5420939.0
2024-06-19,19-06-2024,1473.601563,1477.794211,1459.317446,1467.410188,5493456.0
2024-06-20,20-06-2024,1477.550415,1479.59794,1461.657487,1478.42796,7927010.0
2024-06-21,21-06-2024,1494.418335,1518.842719,1485.643124,1506.411171,17301941.0
2024-06-24,24-06-2024,1489.006958,1490.908206,1477.550433,1486.471921,5564989.0
2024-06-25,25-06-2024,1503.437256,1505.338623,1482.376775,1487.885681,4551525.0
2024-06-26,26-06-2024,1502.218506,1510.16497,1496.66092,1502.51106,4851004.0
2024-06-27,27-06-2024,1534.052979,1538.976894,1493.784585,1500.024639,14757754.0
2024-06-28,28-06-2024,1527.617798,1548.824555,1525.18024,1533.272981,8197544.0
2024-07-01,01-07-2024,1551.067139,1559.939827,1520.548861,1520.548861,6801771.0
2024-07-02,02-07-2024,1580.561768,1592.993316,1546.874661,1556.33234,10493173.0
2024-07-03,03-07-2024,1586.753052,1595.138229,1565.887528,1584.412972,7269965.0
2024-07-04,04-07-2024,1609.422363,1618.538808,1587.33806,1587.533017,8008311.0
2024-07-05,05-07-2024,1606.302246,1624.2427,1592.55444,1610.20234,7065022.0
2024-07-08,08-07-2024,1620.147583,1624.388911,1599.038304,1602.060852,5880533.0
2024-07-09,09-07-2024,1615.76001,1625.12021,1609.763592,1618.441324,5191182.0
2024-07-10,10-07-2024,1607.082275,1632.189127,1596.649573,1615.61373,9852770.0
2024-07-11,11-07-2024,1611.421143,1623.413978,1601.037238,1614.638767,8857679.0
2024-07-12,12-07-2024,1668.996338,1676.796525,1625.022805,1638.039344,17078316.0
2024-07-15,15-07-2024,1664.413696,1684.840388,1660.12357,1683.085299,6942230.0
2024-07-16,16-07-2024,1682.939087,1694.49309,1657.539681,1675.675092,6886281.0
2024-07-18,18-07-2024,1714.139893,1721.306291,1676.065182,1676.065182,11248896.0
2024-07-19,19-07-2024,1748.168091,1797.943081,1741.830439,1797.943081,29819116.0
2024-07-22,22-07-2024,1765.620972,1777.467529,1748.16803,1755.18827,8462126.0
2024-07-23,23-07-2024,1791.020508,1793.994258,1738.710479,1764.792355,7113056.0
2024-07-24,24-07-2024,1788.144043,1796.334263,1774.152482,1791.605424,6002845.0
2024-07-25,25-07-2024,1779.271362,1785.170301,1766.742336,1774.542523,5815599.0
2024-07-26,26-07-2024,1831.971436,1835.969008,1779.758886,1779.758886,11369047.0
2024-07-29,29-07-2024,1824.366211,1855.46948,1817.443569,1846.304237,4635931.0
2024-07-30,30-07-2024,1830.265137,1832.995131,1813.543462,1824.366198,2721265.0
2024-07-31,31-07-2024,1821.587402,1838.065321,1818.467375,1830.118857,5004209.0
2024-08-01,01-08-2024,1806.328247,1821.246152,1799.015572,1809.740829,7475014.0
2024-08-02,02-08-2024,1775.712524,1813.055967,1770.788728,1796.968082,7400938.0
2024-08-05,05-08-2024,1708.143433,1752.604474,1675.626428,1740.367883,10736703.0
2024-08-06,06-08-2024,1707.363403,1752.068201,1701.269507,1716.236092,7690163.0
2024-08-07,07-08-2024,1746.900635,1752.994531,1718.088647,1751.141963,5094329.0
2024-08-08,08-08-2024,1699.612061,1735.49285,1683.962887,1735.49285,6227910.0
2024-08-09,09-08-2024,1726.522583,1736.272816,1712.140989,1727.010095,4258524.0
2024-08-12,12-08-2024,1752.50708,1758.454699,1723.938847,1728.765284,4315329.0
2024-08-13,13-08-2024,1752.555664,1764.792255,1744.365563,1764.792255,4176918.0
2024-08-14,14-08-2024,1777.711426,1779.417717,1752.555774,1756.992178,7450718.0
2024-08-16,16-08-2024,1812.519653,1815.347245,1783.805263,1803.793242,7335657.0
2024-08-19,19-08-2024,1818.223633,1820.904947,1803.013173,1813.543473,2585989.0
2024-08-20,20-08-2024,1825.438721,1838.601536,1821.538627,1833.043951,3870333.0
2024-08-21,21-08-2024,1825.926147,1832.068842,1820.466041,1828.266227,1966902.0
2024-08-22,22-08-2024,1833.28772,1846.353057,1823.001175,1836.944057,4300287.0
2024-08-23,23-08-2024,1815.591064,1835.579044,1810.618469,1831.288918,5015935.0
2024-08-26,26-08-2024,1829.290161,1841.575432,1817.443603,1823.293743,3728589.0
2024-08-27,27-08-2024,1852.641846,1855.225681,1827.096282,1829.290084,3830679.0
2024-08-28,28-08-2024,1890.667725,1902.270526,1850.009299,1859.272021,6514531.0
2024-08-29,29-08-2024,1885.061401,1901.783076,1872.922408,1884.720167,7228284.0
2024-08-30,30-08-2024,1895.152832,1901.295527,1879.845013,1889.595247,13466759.0
2024-09-02,02-09-2024,1915.433472,1926.402485,1894.275511,1894.811703,5573739.0
2024-09-03,03-09-2024,1892.76416,1917.871013,1888.084,1917.871013,4694322.0
2024-09-04,04-09-2024,1874.433594,1879.064955,1852.593166,1873.117336,4778310.0
2024-09-05,05-09-2024,1884.866455,1891.545341,1861.904607,1878.13877,4081810.0
2024-09-06,06-09-2024,1854.348145,1888.132728,1849.473028,1873.994889,5848106.0
2024-09-09,09-09-2024,1847.328125,1872.873691,1841.819219,1842.794242,4772612.0
2024-09-10,10-09-2024,1864.537231,1886.670214,1848.644303,1857.322035,6909600.0
2024-09-11,11-09-2024,1862.440918,1877.895015,1857.419524,1866.877203,5312946.0
2024-09-12,12-09-2024,1901.734375,1907.535836,1863.074792,1876.920077,8555092.0
2024-09-13,13-09-2024,1895.542847,1909.680685,1887.303947,1901.734221,3843127.0
2024-09-16,16-09-2024,1901.539307,1903.245598,1884.768952,1897.151702,1570181.0
2024-09-17,17-09-2024,1903.781982,1909.534525,1893.641715,1899.101823,2793127.0
2024-09-18,18-09-2024,1844.890503,1890.326568,1834.311523,1890.326568,6385468.0
2024-09-19,19-09-2024,1846.88916,1876.822448,1831.873896,1862.879567,7976570.0
2024-09-20,20-09-2024,1858.150757,1867.169723,1820.758635,1857.419489,15242974.0
2024-09-23,23-09-2024,1849.083008,1870.972354,1831.532587,1861.319599,3636672.0
2024-09-24,24-09-2024,1851.179321,1863.172156,1824.658734,1840.844098,7277616.0
2024-09-25,25-09-2024,1847.961914,1854.10449,1829.923981,1839.235383,4268341.0
2024-09-26,26-09-2024,1852.788086,1870.045951,1845.719167,1850.399326,8952803.0
2024-09-27,27-09-2024,1859.125854,1925.281168,1855.762071,1883.842674,14908931.0
2024-09-30,30-09-2024,1828.753906,1853.763281,1823.781311,1833.044033,6986955.0
2024-10-01,01-10-2024,1856.785767,1861.27085,1828.168854,1828.168854,4029072.0
2024-10-03,03-10-2024,1846.109253,1864.098386,1834.018939,1842.306638,7503887.0
2024-10-04,04-10-2024,1870.241089,1905.293131,1838.894064,1842.355444,10001483.0
2024-10-07,07-10-2024,1885.987793,1893.495425,1868.193616,1875.164938,6112575.0
2024-10-08,08-10-2024,1899.881836,1909.04696,1858.735778,1889.497813,5637391.0
2024-10-09,09-10-2024,1903.976807,1927.621122,1896.517854,1903.78185,4857163.0
2024-10-10,10-10-2024,1871.069824,1914.945875,1866.292186,1908.998257,4782119.0
2024-10-11,11-10-2024,1886.7677,1898.370502,1862.392116,1870.094824,4709431.0
2024-10-14,14-10-2024,1909.973267,1920.30849,1882.86757,1883.891392,3751378.0
2024-10-15,15-10-2024,1910.363281,1941.710186,1903.001807,1911.04575,5353705.0
2024-10-16,16-10-2024,1872.142334,1910.607077,1868.485996,1906.170673,3111512.0
2024-10-17,17-10-2024,1918.943481,1928.596237,1881.941392,1886.865189,8162822.0
2024-10-18,18-10-2024,1832.653931,1888.474019,1822.562462,1846.499334,10526196.0
2024-10-21,21-10-2024,1806.474609,1851.374485,1792.093014,1843.866733,4654601.0
2024-10-22,22-10-2024,1805.353271,1830.898956,1800.819389,1811.788402,4125240.0
2024-10-23,23-10-2024,1826.608765,1838.894035,1797.943054,1799.161834,4311910.0
2024-10-24,24-10-2024,1816.809692,1836.943948,1813.543388,1814.908445,2906475.0
2024-10-25,25-10-2024,1815.542236,1829.484999,1800.283097,1816.907174,4689120.0
2024-10-28,28-10-2024,1818.759766,1834.89645,1810.618345,1813.25086,7018940.0
2024-10-29,29-10-2024,1813.779907,1825.909173,1803.622771,1820.386897,4621252.0
2024-10-30,30-10-2024,1777.096069,1813.484111,1771.42585,1806.581235,5919715.0
2024-10-31,31-10-2024,1732.868408,1763.093168,1722.267563,1763.093168,7395236.0
2024-11-01,01-11-2024,1736.418335,1741.496903,1727.740506,1740.017716,371966.0
2024-11-04,04-11-2024,1739.179565,1742.48306,1694.16293,1700.572743,7336722.0
2024-11-05,05-11-2024,1729.860596,1743.912878,1720.788293,1735.580169,3160880.0
2024-11-06,06-11-2024,1798.396362,1801.8478,1738.193495,1739.52474,10421494.0
2024-11-07,07-11-2024,1778.032959,1800.368597,1762.205603,1787.795501,4550965.0
2024-11-08,08-11-2024,1804.55957,1815.061827,1787.992741,1792.775424,4210960.0
2024-11-11,11-11-2024,1834.29126,1842.081672,1797.262335,1803.622793,3804234.0
2024-11-12,12-11-2024,1842.870605,1854.901283,1835.178782,1845.138621,5012450.0
2024-11-13,13-11-2024,1842.476196,1847.209525,1830.544106,1835.277435,4257495.0
2024-11-14,14-11-2024,1838.679565,1849.970649,1830.248148,1839.714925,4311431.0
2024-11-18,18-11-2024,1786.316284,1823.542507,1770.094574,1823.542507,4839244.0
2024-11-19,19-11-2024,1799.431763,1833.896787,1795.290085,1800.171357,4669769.0
2024-11-21,21-11-2024,1808.602783,1841.095557,1795.339328,1816.44243,5436504.0
2024-11-22,22-11-2024,1875.856445,1887.492769,1808.553408,1828.374498,6301486.0
2024-11-25,25-11-2024,1863.480591,1892.669991,1855.887476,1889.41573,12764638.0
2024-11-26,26-11-2024,1897.452637,1911.702096,1870.975202,1878.518963,6850495.0
2024-11-27,27-11-2024,1897.797729,1914.463268,1885.224635,1903.320006,4447143.0
2024-11-28,28-11-2024,1830.88916,1888.330946,1825.958535,1888.330946,8468790.0
2024-11-29,29-11-2024,1832.07251,1850.95683,1819.400826,1825.416165,5244346.0
2024-12-02,02-12-2024,1853.718018,1856.676393,1809.736742,1833.206567,2868263.0
2024-12-03,03-12-2024,1865.84729,1873.391171,1845.188017,1860.818076,4715792.0
2024-12-04,04-12-2024,1863.036865,1887.394107,1848.984582,1857.859708,4705573.0
2024-12-05,05-12-2024,1908.00415,1922.845381,1862.740984,1873.637714,9050038.0
2024-12-06,06-12-2024,1895.726929,1911.061102,1885.865678,1905.982654,3573331.0
2024-12-09,09-12-2024,1896.959595,1903.418642,1870.876513,1897.501891,4274645.0
2024-12-10,10-12-2024,1921.51416,1938.327521,1905.193741,1912.096617,6174921.0
2024-12-11,11-12-2024,1946.758911,1950.555469,1924.916216,1927.874591,5025612.0
2024-12-12,12-12-2024,1959.430542,1971.066866,1943.208833,1947.794218,6462130.0
2024-12-13,13-12-2024,1971.954346,1978.61069,1926.691299,1942.419947,5362693.0
2024-12-16,16-12-2024,1952.577026,1971.8557,1950.160948,1967.763256,3119221.0
2024-12-17,17-12-2024,1949.174927,1954.500027,1930.833023,1940.694275,5811050.0
2024-12-18,18-12-2024,1951.689575,1957.409029,1934.383031,1939.510954,3064095.0
2024-12-19,19-12-2024,1919.196655,1932.558699,1893.360225,1907.165977,5323592.0
2024-12-20,20-12-2024,1895.480347,1952.478304,1884.731559,1947.744976,11056720.0
2024-12-23,23-12-2024,1897.600586,1913.082702,1882.512824,1903.270805,2781793.0
2024-12-24,24-12-2024,1882.562134,1915.054907,1814.470149,1900.312385,2360544.0
2024-12-26,26-12-2024,1880.935059,1893.11368,1875.905845,1882.562189,3623321.0
2024-12-27,27-12-2024,1890.155273,1897.452623,1877.48359,1882.907278,3937500.0
2024-12-30,30-12-2024,1879.554443,1889.415694,1860.325004,1889.119809,7789055.0
